stress_score,positive_affect,negative_affect,clarity_rating,prior_adherence,prior_delta,age_band,stress_state_bucket
38,38,24,3,0.78,1.94,41-60,Moderate
18,32,20,3,0.87,2.02,41-60,Moderate
23,12,31,5,0.97,6.65,41-60,Moderate
37,11,30,1,0.3,0.5,41-60,Moderate
24,36,37,4,0.37,-0.88,18-25,Moderate
2,46,16,5,0.45,-9.73,26-40,Low
24,23,18,2,0.1,3.68,18-25,Moderate
6,17,44,1,0.26,3.25,26-40,Moderate
1,15,13,5,0.97,5.5,41-60,Moderate
33,19,45,4,0.05,-3.49,18-25,Moderate
15,27,33,2,0.97,2.14,18-25,Moderate
40,38,24,5,0.07,9.74,26-40,Moderate
23,10,17,3,0.2,4.23,26-40,Moderate
34,42,14,2,0.36,-7.68,41-60,Moderate
6,18,17,4,0.33,-8.73,18-25,Moderate
22,33,46,3,0.59,-4.51,41-60,Moderate
34,10,44,5,0.97,6.98,41-60,Moderate
4,35,23,3,0.52,-1.45,26-40,Low
12,41,48,1,0.31,0.17,26-40,Moderate
29,46,32,5,0.54,-5.94,18-25,Moderate
12,41,16,3,0.69,7.61,18-25,Low
5,37,37,4,0.19,7.85,41-60,Low
10,37,34,1,0.27,2.95,18-25,Moderate
12,50,12,3,0.42,-5.56,26-40,Low
23,24,41,1,0.4,-8.7,41-60,Moderate
11,48,11,3,0.3,-4.3,41-60,Low
16,11,11,4,0.05,-4.43,41-60,Moderate
32,10,28,2,0.53,-1.04,18-25,Moderate
5,41,13,3,0.37,-5.16,18-25,Low
37,33,14,4,0.98,-2.02,26-40,Moderate
15,42,18,4,0.51,3.92,26-40,Moderate
2,29,45,3,0.71,6.19,41-60,Moderate
19,41,16,4,0.94,-2.05,26-40,Moderate
38,27,49,1,0.68,4.7,18-25,High
22,40,39,2,0.26,3.2,26-40,Moderate
25,11,10,4,0.56,7.65,26-40,Moderate
8,50,44,3,0.73,7.94,41-60,Low
23,42,33,4,0.08,-6.77,41-60,Moderate
37,49,29,3,0.37,8.8,41-60,Moderate
24,38,27,2,0.49,-1.03,26-40,Moderate
40,45,42,4,0.24,-3.49,26-40,Moderate
19,17,16,3,0.66,1.37,26-40,Moderate
11,31,31,5,0.49,8.12,41-60,Low
26,43,30,1,0.58,-0.15,26-40,Moderate
4,28,13,3,0.77,-9.13,18-25,Moderate
27,39,38,5,0.88,4.95,26-40,Moderate
36,33,38,1,0.55,1.45,41-60,High
32,30,41,1,0.32,-6.61,41-60,High
24,40,12,2,0.62,9.8,18-25,Moderate
1,36,11,2,0.74,3.94,41-60,Moderate
38,38,35,3,0.26,2.23,26-40,Moderate
6,45,29,1,0.07,-2.06,18-25,Moderate
13,21,32,4,0.58,-1.23,41-60,Moderate
21,34,31,2,0.86,-4.99,41-60,Moderate
5,24,46,1,0.83,-4.57,26-40,Moderate
4,48,13,5,0.19,-1.77,18-25,Low
34,49,25,5,0.97,4.29,18-25,Moderate
18,26,28,4,0.74,-4.98,41-60,Moderate
25,32,18,4,0.41,-6.53,41-60,Moderate
0,43,41,1,0.66,-4.4,18-25,Moderate
15,48,14,5,0.42,-5.05,26-40,Moderate
15,46,31,1,0.34,-8.16,18-25,Moderate
29,14,21,2,0.76,6.14,26-40,Moderate
35,42,39,5,0.4,2.32,26-40,Moderate
4,45,43,4,0.37,2.52,41-60,Low
31,10,14,5,0.16,-8.59,41-60,Moderate
1,37,41,3,0.8,3.54,18-25,Low
34,42,42,5,0.55,8.83,41-60,Moderate
2,10,42,2,0.21,-4.52,18-25,Moderate
11,40,11,5,0.09,3.66,41-60,Low
16,35,17,5,0.84,-9.53,18-25,Moderate
33,50,16,4,0.69,-3.03,26-40,Moderate
10,38,45,1,0.8,-4.36,41-60,Moderate
9,46,18,3,0.99,-1.75,41-60,Low
17,48,41,5,0.24,3.6,26-40,Moderate
22,34,44,1,0.38,0.69,18-25,Moderate
19,34,31,5,0.9,-2.22,41-60,Moderate
11,50,28,4,0.35,9.14,26-40,Low
30,28,25,5,0.09,2.05,18-25,Moderate
20,45,32,1,0.11,8.62,41-60,Moderate
38,23,40,2,0.44,7.75,26-40,High
10,27,21,1,0.76,2.36,18-25,Moderate
37,16,22,2,0.4,7.84,41-60,Moderate
1,14,38,5,0.23,1.63,26-40,Moderate
0,31,26,1,0.59,-3.0,41-60,Moderate
30,28,48,3,0.25,-3.39,26-40,Moderate
2,22,37,2,0.74,5.34,26-40,Moderate
40,48,10,3,0.58,9.24,26-40,Moderate
24,42,47,5,0.96,-9.76,18-25,Moderate
31,30,25,5,0.99,-8.52,18-25,Moderate
34,28,29,1,0.52,2.59,18-25,Moderate
13,24,40,1,0.63,1.69,18-25,Moderate
15,32,20,4,0.96,-8.84,18-25,Moderate
37,21,33,4,0.34,-6.61,26-40,Moderate
35,35,17,2,0.23,-4.68,18-25,Moderate
36,50,45,3,0.7,0.72,41-60,Moderate
32,29,22,4,0.27,-7.34,18-25,Moderate
34,15,27,3,0.73,2.27,18-25,Moderate
1,19,39,2,0.55,-6.7,18-25,Moderate
32,10,27,1,0.38,4.99,41-60,Moderate
24,31,36,1,0.84,-0.63,41-60,Moderate
34,10,30,4,0.81,9.99,41-60,Moderate
37,12,32,5,0.73,5.14,26-40,Moderate
18,26,30,1,0.13,9.08,41-60,Moderate
12,13,10,1,0.76,-9.06,41-60,Moderate
30,17,48,2,0.5,-0.48,18-25,High
2,21,10,4,0.56,7.53,18-25,Moderate
16,32,24,5,0.62,4.08,26-40,Moderate
38,47,43,2,0.59,-2.16,41-60,High
26,43,47,1,0.78,-2.07,41-60,Moderate
16,14,38,4,0.46,6.84,26-40,Moderate
16,29,33,5,0.98,-0.15,41-60,Moderate
12,20,32,3,0.14,2.82,41-60,Moderate
39,13,34,3,0.87,0.3,26-40,Moderate
31,28,30,5,0.35,-3.05,41-60,Moderate
21,30,15,1,0.53,-2.88,26-40,Moderate
33,23,35,5,0.32,-8.15,41-60,Moderate
21,39,26,2,0.87,-8.31,26-40,Moderate
34,24,31,2,0.76,0.63,26-40,High
1,35,23,3,0.25,4.27,41-60,Low
22,27,47,3,0.4,-7.9,26-40,Moderate
36,37,19,1,0.84,-8.22,41-60,Moderate
24,26,22,4,0.47,-2.9,41-60,Moderate
40,27,45,2,0.56,1.73,18-25,High
18,50,46,4,0.65,1.42,41-60,Moderate
5,46,42,5,0.1,-6.94,26-40,Low
3,39,20,1,0.08,0.49,18-25,Moderate
39,46,45,2,0.58,8.35,26-40,High
14,15,39,3,0.82,4.37,26-40,Moderate
10,17,35,3,0.84,-5.9,26-40,Moderate
25,13,28,4,0.51,-5.15,18-25,Moderate
0,35,23,5,0.51,8.64,26-40,Low
12,12,42,2,0.45,0.97,26-40,Moderate
9,11,22,2,0.09,-7.22,18-25,Moderate
8,26,18,3,0.47,2.12,18-25,Moderate
34,39,40,1,0.85,4.92,26-40,High
13,20,18,2,0.18,-8.67,18-25,Moderate
39,31,38,3,0.8,-5.97,26-40,Moderate
29,44,30,5,0.81,3.3,18-25,Moderate
25,13,34,5,0.59,3.66,26-40,Moderate
7,48,49,3,0.62,0.8,41-60,Low
14,42,34,1,0.9,-2.32,41-60,Moderate
13,49,49,3,0.54,-1.37,18-25,Low
2,16,17,2,0.14,5.88,26-40,Moderate
28,42,39,3,0.79,-6.97,41-60,Moderate
32,46,36,1,0.03,1.4,18-25,High
9,14,19,1,0.1,0.73,26-40,Moderate
35,33,24,5,0.54,-0.27,41-60,Moderate
3,21,11,3,0.64,3.88,41-60,Moderate
35,35,36,5,0.83,9.18,26-40,Moderate
39,47,15,2,0.95,-6.93,26-40,Moderate
12,49,27,1,0.26,4.52,26-40,Moderate
11,45,13,5,0.92,4.14,41-60,Low
27,40,18,3,0.74,8.69,18-25,Moderate
21,20,32,1,0.11,9.7,26-40,Moderate
35,32,10,3,0.59,-2.02,26-40,Moderate
8,18,19,4,0.79,2.07,41-60,Moderate
34,34,35,3,0.92,-0.69,41-60,Moderate
26,43,36,1,0.59,-9.34,26-40,Moderate
23,34,16,4,0.42,8.3,18-25,Moderate
28,31,35,4,0.21,0.3,18-25,Moderate
16,29,50,1,0.56,7.21,26-40,Moderate
39,16,10,5,0.4,-1.46,41-60,Moderate
18,41,39,5,0.62,-2.45,41-60,Moderate
15,49,28,2,0.29,4.28,41-60,Moderate
1,37,39,3,0.16,-6.36,18-25,Low
28,48,12,2,0.27,2.88,18-25,Moderate
32,32,37,2,0.87,-1.84,18-25,High
2,33,32,3,0.51,1.9,41-60,Low
36,12,42,4,0.24,-8.01,26-40,Moderate
31,33,23,3,0.96,8.89,26-40,Moderate
20,23,40,2,0.01,-8.29,18-25,Moderate
22,30,28,5,0.88,2.86,18-25,Moderate
17,11,10,5,0.34,-4.81,18-25,Moderate
1,12,32,4,0.83,-3.1,41-60,Moderate
29,18,43,5,0.29,8.97,18-25,Moderate
21,33,26,2,0.57,9.71,26-40,Moderate
22,41,26,2,0.02,-4.63,18-25,Moderate
39,11,34,1,0.14,6.7,26-40,High
3,35,38,5,0.69,3.66,18-25,Low
5,27,30,2,0.58,-4.52,18-25,Moderate
16,46,34,2,0.72,-7.87,41-60,Moderate
21,30,36,1,0.27,4.64,41-60,Moderate
33,21,16,2,0.91,-1.62,18-25,Moderate
27,11,10,3,0.09,5.42,41-60,Moderate
28,30,20,3,0.36,4.38,18-25,Moderate
38,49,44,2,0.4,9.08,18-25,High
21,14,42,2,0.03,-4.75,18-25,Moderate
34,26,43,1,0.77,-7.87,41-60,High
8,49,26,1,0.5,3.77,18-25,Moderate
24,48,44,3,0.08,-9.95,18-25,Moderate
29,47,43,4,0.36,-8.17,41-60,Moderate
16,19,21,3,0.73,6.13,18-25,Moderate
22,46,25,1,0.9,2.93,41-60,Moderate
25,50,35,2,0.59,9.99,26-40,Moderate
25,30,31,2,0.31,-7.59,26-40,Moderate
6,18,17,2,0.42,5.91,26-40,Moderate
30,39,48,3,0.32,6.58,26-40,Moderate
16,23,40,3,0.56,-0.38,26-40,Moderate
2,46,49,2,0.72,-8.69,41-60,Moderate
14,13,38,1,0.74,0.4,18-25,Moderate
1,44,43,3,0.87,0.58,26-40,Low
31,41,44,3,1.0,-2.99,41-60,Moderate
28,25,19,1,0.34,0.45,41-60,Moderate
0,39,12,5,0.35,-4.26,26-40,Low
3,27,46,1,0.28,8.21,18-25,Moderate
14,18,24,1,0.39,-7.51,26-40,Moderate
36,46,15,3,0.9,9.78,26-40,Moderate
6,13,17,4,0.84,-5.39,18-25,Moderate
9,43,35,1,0.19,5.59,18-25,Moderate
5,14,14,1,0.52,1.95,18-25,Moderate
34,27,26,3,0.82,-5.51,26-40,Moderate
24,18,13,5,0.09,7.55,18-25,Moderate
2,37,38,1,0.04,7.04,26-40,Moderate
8,24,49,1,0.55,-8.26,41-60,Moderate
23,24,47,3,0.72,-0.08,41-60,Moderate
5,46,22,4,0.08,7.02,18-25,Low
39,41,38,3,0.82,-3.04,41-60,Moderate
33,49,36,5,0.27,7.57,26-40,Moderate
18,25,49,4,0.85,7.35,18-25,Moderate
40,22,34,5,0.68,2.37,41-60,Moderate
37,16,14,3,0.96,-0.69,26-40,Moderate
30,32,19,3,0.23,8.17,26-40,Moderate
17,45,11,5,0.51,-9.87,26-40,Moderate
31,22,36,1,0.56,-7.68,26-40,High
33,33,44,3,0.76,0.83,26-40,Moderate
31,43,37,4,0.18,5.07,26-40,Moderate
21,13,29,4,0.07,-3.98,26-40,Moderate
16,21,31,1,0.58,-3.08,26-40,Moderate
25,27,23,5,0.45,2.95,26-40,Moderate
11,16,38,3,0.82,-2.56,41-60,Moderate
31,20,32,2,0.16,-0.63,26-40,High
3,26,44,5,0.85,0.54,26-40,Moderate
28,38,20,4,0.84,5.46,18-25,Moderate
19,31,20,3,0.87,9.26,41-60,Moderate
27,38,30,5,0.64,-2.05,41-60,Moderate
4,12,10,2,0.89,-5.4,26-40,Moderate
34,34,33,4,0.56,-0.57,26-40,Moderate
26,17,34,1,0.09,-6.93,41-60,Moderate
26,16,12,5,0.13,-9.35,41-60,Moderate
2,29,24,1,0.0,1.97,41-60,Moderate
19,45,18,1,0.16,3.03,26-40,Moderate
1,33,17,3,0.98,-7.01,26-40,Low
20,27,39,2,0.48,2.0,26-40,Moderate
31,20,34,1,0.95,8.16,18-25,High
10,31,33,1,0.24,9.73,18-25,Moderate
31,24,25,4,0.7,1.19,41-60,Moderate
31,42,11,1,0.09,-2.99,18-25,Moderate
32,22,35,2,0.98,-5.98,41-60,High
14,43,49,3,0.12,7.92,18-25,Moderate
8,15,18,1,0.71,7.42,41-60,Moderate
27,29,16,3,0.89,0.95,18-25,Moderate
21,35,12,1,0.16,-1.23,18-25,Moderate
17,21,32,4,0.16,7.44,26-40,Moderate
18,45,17,5,0.79,3.17,41-60,Moderate
17,15,27,3,0.23,9.93,41-60,Moderate
40,12,37,2,0.4,-5.59,18-25,High
14,42,16,4,0.17,9.22,18-25,Moderate
23,29,46,4,0.74,5.35,18-25,Moderate
23,41,50,4,0.03,-2.09,26-40,Moderate
35,11,24,2,0.79,3.1,18-25,Moderate
11,12,27,5,0.73,-7.37,18-25,Moderate
7,45,39,2,0.24,9.43,41-60,Moderate
36,14,47,5,0.44,-8.05,18-25,Moderate
13,48,34,4,0.59,-6.73,18-25,Low
24,37,11,3,0.66,-3.5,41-60,Moderate
39,21,45,5,0.24,-5.31,26-40,Moderate
9,12,23,2,0.45,3.39,18-25,Moderate
40,10,14,4,0.59,8.97,18-25,Moderate
19,37,46,5,0.53,5.64,41-60,Moderate
27,24,15,4,0.54,-9.32,18-25,Moderate
13,11,18,5,0.94,-9.21,41-60,Moderate
34,15,46,5,0.09,-7.93,18-25,Moderate
13,21,29,5,0.48,3.72,18-25,Moderate
33,34,38,1,0.58,-4.92,18-25,High
22,47,29,5,0.14,8.8,41-60,Moderate
7,30,10,5,0.44,7.36,18-25,Moderate
21,43,10,2,0.37,-9.65,41-60,Moderate
17,26,35,1,0.03,8.62,26-40,Moderate
3,42,10,3,0.94,6.54,26-40,Low
4,50,35,4,0.16,2.1,26-40,Low
8,42,50,1,0.87,5.65,41-60,Moderate
12,40,50,3,0.88,-1.92,26-40,Low
3,47,28,2,0.76,5.96,18-25,Moderate
18,20,10,1,0.33,2.6,41-60,Moderate
6,24,30,3,0.39,-1.03,26-40,Moderate
31,44,47,2,0.59,-6.63,26-40,High
13,19,11,1,0.38,7.27,26-40,Moderate
1,15,37,5,0.81,-7.82,26-40,Moderate
4,43,46,4,0.48,-2.11,26-40,Low
22,15,30,3,0.01,2.95,26-40,Moderate
14,34,45,3,0.38,-6.06,41-60,Moderate
12,31,28,2,0.17,2.35,41-60,Moderate
26,38,37,3,0.58,-8.21,41-60,Moderate
29,27,11,1,0.98,6.46,18-25,Moderate
29,20,16,4,0.18,0.5,26-40,Moderate
6,45,29,4,0.09,6.31,26-40,Low
12,31,30,4,0.23,-5.76,26-40,Low
9,33,17,1,0.24,5.61,26-40,Moderate
23,28,45,4,0.67,6.19,18-25,Moderate
18,45,19,1,0.42,-6.94,18-25,Moderate
34,43,42,5,0.1,-9.53,26-40,Moderate
14,44,37,3,0.23,-2.18,18-25,Moderate
24,11,44,5,0.68,-1.15,26-40,Moderate
38,50,20,4,0.82,2.06,26-40,Moderate
37,41,48,5,0.08,-8.29,41-60,Moderate
32,45,12,1,0.32,-5.47,41-60,Moderate
40,48,13,5,0.52,-8.65,18-25,Moderate
4,36,41,5,0.27,1.86,18-25,Low
2,12,31,2,0.99,3.24,41-60,Moderate
16,44,43,4,0.06,1.25,26-40,Moderate
35,14,22,5,0.69,-5.98,18-25,Moderate
15,39,25,4,0.35,3.3,26-40,Moderate
19,12,25,5,0.12,9.48,26-40,Moderate
4,29,49,4,0.24,3.43,26-40,Moderate
19,15,31,2,0.79,7.29,18-25,Moderate
15,21,47,4,0.71,-9.28,41-60,Moderate
32,32,11,1,0.09,8.74,26-40,Moderate
8,10,20,3,0.4,-1.06,41-60,Moderate
3,27,15,3,0.79,1.49,18-25,Moderate
36,21,47,2,0.63,3.49,41-60,High
29,23,15,3,0.79,-3.91,41-60,Moderate
8,24,30,3,0.17,3.9,41-60,Moderate
17,23,29,2,0.64,6.45,41-60,Moderate
24,42,45,1,0.61,5.3,18-25,Moderate
2,44,50,1,0.67,-7.56,26-40,Moderate
20,43,13,1,0.23,-8.4,18-25,Moderate
11,41,41,4,0.31,0.12,26-40,Low
17,38,15,5,0.02,2.05,26-40,Moderate
22,28,40,3,0.56,-6.16,18-25,Moderate
24,11,20,2,0.06,3.9,26-40,Moderate
8,32,28,1,0.14,-7.57,18-25,Moderate
6,25,25,4,0.62,2.66,26-40,Moderate
39,26,46,4,0.31,2.48,41-60,Moderate
37,48,46,4,0.4,3.08,41-60,Moderate
34,16,36,4,0.48,-6.46,41-60,Moderate
21,14,11,3,0.42,5.81,41-60,Moderate
20,19,32,2,0.19,2.38,18-25,Moderate
12,30,35,2,0.63,-6.02,41-60,Moderate
36,41,45,1,0.11,0.96,18-25,High
20,35,13,2,0.32,4.75,26-40,Moderate
39,44,50,5,0.39,-0.81,18-25,Moderate
20,22,50,1,0.66,8.86,26-40,Moderate
1,38,42,2,0.93,-4.94,18-25,Moderate
39,30,37,3,0.5,-2.27,18-25,Moderate
21,17,24,1,0.07,0.37,26-40,Moderate
18,14,41,4,0.51,3.6,18-25,Moderate
12,17,32,3,0.66,6.04,26-40,Moderate
34,33,26,5,0.51,-2.25,18-25,Moderate
30,45,20,4,0.77,3.23,18-25,Moderate
27,14,14,2,0.02,-8.36,18-25,Moderate
27,26,40,1,0.98,3.35,18-25,High
2,45,13,1,0.64,0.61,18-25,Moderate
9,30,45,4,0.47,-7.72,41-60,Moderate
12,41,40,4,0.16,-9.13,26-40,Low
16,49,27,1,0.37,-1.36,26-40,Moderate
24,31,39,4,0.12,-6.05,18-25,Moderate
20,44,41,1,0.26,0.88,26-40,Moderate
20,22,30,4,0.05,-3.6,26-40,Moderate
21,34,31,4,0.04,-6.7,41-60,Moderate
28,30,24,4,0.82,-5.73,18-25,Moderate
22,33,22,3,0.76,4.87,26-40,Moderate
2,28,32,5,0.09,1.54,26-40,Moderate
24,46,17,2,0.56,6.24,26-40,Moderate
4,12,10,4,0.1,-1.97,18-25,Moderate
33,34,19,5,0.73,2.32,41-60,Moderate
26,11,50,5,0.54,0.48,18-25,Moderate
25,21,26,1,0.96,-2.64,18-25,Moderate
10,25,40,3,1.0,-2.63,18-25,Moderate
3,29,19,3,0.14,3.26,41-60,Moderate
39,48,30,2,0.62,-2.89,26-40,Moderate
19,26,16,4,0.51,4.47,18-25,Moderate
36,25,13,2,0.6,2.04,26-40,Moderate
18,28,31,5,0.75,9.64,26-40,Moderate
30,45,28,5,0.15,-3.44,18-25,Moderate
32,27,37,3,0.77,4.67,41-60,Moderate
32,26,15,4,0.5,-6.43,18-25,Moderate
14,15,23,4,0.38,1.44,26-40,Moderate
15,14,19,2,0.17,4.01,18-25,Moderate
29,15,26,3,0.3,8.81,41-60,Moderate
34,35,14,5,0.46,-0.38,18-25,Moderate
20,19,14,4,0.13,-8.39,26-40,Moderate
38,48,44,1,0.78,-9.86,26-40,High
40,40,29,1,0.96,-8.62,41-60,Moderate
29,31,37,3,0.28,5.74,41-60,Moderate
9,25,25,2,0.84,-4.64,41-60,Moderate
8,45,29,2,0.91,-7.22,26-40,Moderate
3,42,36,2,0.73,0.97,18-25,Moderate
23,24,16,5,0.05,-1.62,26-40,Moderate
13,46,30,2,0.14,4.5,26-40,Moderate
36,33,28,3,0.97,2.17,41-60,Moderate
40,42,13,2,0.09,3.68,26-40,Moderate
32,26,33,5,0.23,-1.92,26-40,Moderate
40,48,31,1,0.54,-8.37,41-60,High
5,43,10,2,0.17,8.91,18-25,Moderate
1,19,43,3,0.65,0.91,41-60,Moderate
23,49,47,4,0.36,9.56,18-25,Moderate
31,16,30,4,0.54,5.17,18-25,Moderate
21,24,49,5,0.66,-6.77,41-60,Moderate
13,36,50,2,0.75,1.16,18-25,Moderate
1,34,12,4,0.54,-0.04,26-40,Low
5,48,32,1,0.4,-8.13,26-40,Moderate
4,20,21,2,0.09,-2.87,18-25,Moderate
40,45,46,5,0.31,2.85,41-60,Moderate
14,49,27,2,0.45,1.16,26-40,Moderate
1,16,25,3,0.36,7.94,18-25,Moderate
39,47,42,4,0.2,-6.32,41-60,Moderate
36,41,46,4,0.8,9.36,41-60,Moderate
18,41,18,4,0.74,-3.61,41-60,Moderate
0,30,39,5,0.32,9.94,18-25,Moderate
30,36,14,1,0.09,-9.41,18-25,Moderate
19,43,35,5,0.97,-3.26,41-60,Moderate
8,47,15,3,0.76,9.76,41-60,Low
1,18,30,2,0.82,7.6,41-60,Moderate
29,35,30,4,0.83,-7.99,26-40,Moderate
20,44,43,1,0.74,-6.17,18-25,Moderate
10,32,31,1,0.84,-0.57,41-60,Moderate
14,36,44,1,0.13,3.52,18-25,Moderate
1,44,49,4,0.68,-6.66,18-25,Low
19,10,17,3,0.69,0.25,26-40,Moderate
37,24,30,3,0.76,-1.83,18-25,Moderate
13,45,21,1,0.77,5.77,41-60,Moderate
12,24,27,3,0.91,3.41,18-25,Moderate
22,36,43,4,0.38,-7.42,41-60,Moderate
18,39,23,3,0.42,-9.16,18-25,Moderate
23,23,35,1,0.29,8.22,26-40,Moderate
18,18,37,4,0.98,2.43,41-60,Moderate
8,28,23,5,0.54,-8.07,41-60,Moderate
29,18,42,4,0.3,1.97,26-40,Moderate
34,50,23,1,0.05,8.06,18-25,Moderate
7,11,50,5,0.59,7.85,18-25,Moderate
15,38,39,4,0.58,9.91,26-40,Moderate
20,30,14,4,0.22,-0.23,18-25,Moderate
8,18,13,3,0.83,7.58,41-60,Moderate
0,17,32,4,0.91,-0.71,18-25,Moderate
14,50,28,2,0.16,-6.59,41-60,Moderate
20,47,29,1,0.7,-5.25,26-40,Moderate
6,37,37,4,0.38,-0.25,18-25,Low
21,11,33,2,0.47,9.68,41-60,Moderate
7,32,47,1,0.0,-9.2,18-25,Moderate
5,35,36,3,0.28,9.43,41-60,Low
28,44,49,3,0.45,-0.51,41-60,Moderate
12,47,17,3,0.84,-4.3,26-40,Low
38,30,50,1,0.82,-4.31,41-60,High
16,33,30,3,0.88,1.5,26-40,Moderate
38,22,20,3,0.45,8.59,18-25,Moderate
0,49,28,4,0.88,3.42,18-25,Low
11,42,35,4,0.82,-9.97,26-40,Low
26,32,39,5,0.83,-9.19,41-60,Moderate
19,27,27,2,0.67,6.01,18-25,Moderate
35,27,46,3,0.6,0.99,18-25,Moderate
32,21,24,1,0.94,3.37,41-60,Moderate
40,19,11,3,0.59,-9.8,41-60,Moderate
17,18,48,4,0.17,2.76,26-40,Moderate
1,38,47,3,0.53,-7.16,41-60,Low
16,50,21,3,0.45,-8.31,18-25,Moderate
14,35,46,5,0.81,-5.68,18-25,Moderate
24,32,33,1,0.07,-2.25,26-40,Moderate
17,45,44,5,0.28,-3.87,41-60,Moderate
29,43,41,3,0.45,1.59,18-25,Moderate
40,32,49,3,0.58,-2.58,41-60,Moderate
35,42,33,2,0.17,-1.39,41-60,High
3,46,10,1,0.95,-3.2,26-40,Moderate
9,27,37,3,0.34,-8.57,18-25,Moderate
10,47,14,2,0.84,1.6,26-40,Moderate
37,10,40,4,0.17,9.44,26-40,Moderate
29,33,12,3,0.14,-8.01,41-60,Moderate
26,15,24,5,0.29,8.0,26-40,Moderate
36,46,44,4,0.99,0.91,26-40,Moderate
28,22,26,5,0.97,5.47,41-60,Moderate
4,46,50,1,0.53,-6.63,41-60,Moderate
22,12,43,5,0.19,-8.85,18-25,Moderate
20,20,48,4,0.35,1.61,26-40,Moderate
23,44,22,2,0.49,-1.96,41-60,Moderate
16,44,27,1,0.79,-0.77,18-25,Moderate
38,30,17,4,0.85,4.22,18-25,Moderate
18,36,43,3,0.35,-0.83,18-25,Moderate
20,20,48,4,0.06,3.62,41-60,Moderate
40,21,15,1,0.95,0.26,26-40,Moderate
31,15,45,3,0.2,5.24,41-60,Moderate
14,36,20,1,0.36,4.51,26-40,Moderate
13,36,27,4,0.83,5.29,18-25,Low
3,16,44,1,0.06,-9.94,18-25,Moderate
16,42,41,3,0.31,-4.88,18-25,Moderate
4,22,40,2,0.48,3.75,41-60,Moderate
2,19,30,4,0.8,-4.42,26-40,Moderate
29,39,44,3,0.2,9.89,26-40,Moderate
39,16,39,3,0.74,6.68,18-25,Moderate
0,24,46,5,0.75,5.38,41-60,Moderate
8,10,45,3,0.61,-8.23,18-25,Moderate
8,43,23,4,0.41,-8.68,18-25,Low
34,17,12,4,0.58,3.96,26-40,Moderate
18,47,25,2,0.08,0.01,18-25,Moderate
15,47,11,2,0.71,3.34,41-60,Moderate
30,43,48,3,0.8,8.58,41-60,Moderate
26,38,48,5,0.84,0.98,41-60,Moderate
29,22,30,3,0.36,2.96,26-40,Moderate
21,40,26,2,0.59,2.5,18-25,Moderate
19,41,23,2,0.71,6.45,41-60,Moderate
23,24,31,4,0.14,5.51,26-40,Moderate
17,21,40,2,0.13,2.59,18-25,Moderate
10,50,21,1,0.32,-10.0,26-40,Moderate
28,35,27,1,0.06,6.79,26-40,Moderate
40,15,14,4,0.74,-3.67,18-25,Moderate
10,10,28,1,0.84,-3.73,18-25,Moderate
35,27,24,3,0.43,8.2,26-40,Moderate
11,46,26,2,0.04,1.29,41-60,Moderate
26,34,19,5,0.71,3.33,41-60,Moderate
32,33,20,1,0.68,8.88,18-25,Moderate
8,30,29,3,0.63,9.99,26-40,Moderate
16,46,48,4,0.87,-0.48,26-40,Moderate
17,23,44,4,0.0,7.18,41-60,Moderate
12,27,46,5,0.42,4.39,26-40,Moderate
8,18,47,3,0.73,2.95,41-60,Moderate
35,32,43,1,0.14,3.03,18-25,High
17,12,37,4,0.05,3.64,18-25,Moderate
0,45,30,4,0.04,3.34,18-25,Low
9,19,22,5,0.91,6.77,41-60,Moderate
16,45,23,2,0.03,4.72,26-40,Moderate
37,26,21,4,0.01,-0.72,41-60,Moderate
35,35,47,1,0.31,5.48,41-60,High
16,49,37,2,0.86,1.51,26-40,Moderate
29,50,43,5,0.27,-9.65,41-60,Moderate
24,42,16,4,0.64,1.41,18-25,Moderate
15,45,22,4,0.85,-9.53,26-40,Moderate
10,17,42,1,0.29,-5.86,26-40,Moderate
3,49,12,5,0.23,-5.07,41-60,Low
27,22,24,4,0.47,-8.84,41-60,Moderate
25,49,18,5,0.53,3.02,41-60,Moderate
10,24,41,4,0.78,-5.9,18-25,Moderate
25,16,35,1,0.78,1.57,26-40,Moderate
10,22,17,4,0.39,3.48,41-60,Moderate
0,47,33,4,0.54,-8.79,18-25,Low
25,14,29,4,0.23,-9.11,26-40,Moderate
32,47,36,2,0.24,0.01,18-25,High
20,14,15,2,0.55,-6.39,18-25,Moderate
30,39,12,5,0.48,7.95,26-40,Moderate
32,26,20,5,0.53,-2.16,26-40,Moderate
5,50,25,4,0.95,9.9,26-40,Low
25,21,20,5,0.44,1.87,26-40,Moderate
37,27,35,4,0.83,4.64,26-40,Moderate
33,26,25,2,0.97,-2.14,18-25,Moderate
7,39,41,4,0.25,2.81,26-40,Low
38,26,29,2,0.77,-0.02,41-60,Moderate
8,46,19,4,0.36,8.52,18-25,Low
20,33,49,2,0.51,6.17,26-40,Moderate
21,46,36,1,0.4,7.89,18-25,Moderate
9,45,18,3,0.95,-0.11,41-60,Low
24,38,16,1,0.64,-8.19,26-40,Moderate
29,44,44,1,0.44,-4.49,26-40,High
16,27,38,4,0.57,-1.69,41-60,Moderate
0,10,35,5,0.97,-9.45,26-40,Moderate
10,50,50,5,0.04,-6.5,41-60,Low
33,50,38,4,0.58,-1.27,41-60,Moderate
20,44,21,2,0.84,-7.12,41-60,Moderate
6,16,35,5,0.42,5.61,41-60,Moderate
19,24,38,1,0.3,1.88,26-40,Moderate
27,36,13,2,0.94,0.14,41-60,Moderate
2,33,36,5,0.73,5.48,18-25,Low
23,13,12,2,0.88,0.78,18-25,Moderate
22,14,40,5,0.77,-10.0,41-60,Moderate
5,46,19,5,0.3,-5.39,18-25,Low
21,13,37,4,0.22,3.26,41-60,Moderate
40,14,22,2,0.3,-3.49,26-40,Moderate
24,36,23,1,0.37,8.04,18-25,Moderate
35,48,25,5,0.54,-7.01,41-60,Moderate
15,40,19,3,0.27,0.35,26-40,Moderate
16,20,41,2,0.48,-2.77,41-60,Moderate
24,30,46,1,0.51,0.18,26-40,Moderate
35,26,50,2,0.7,4.29,26-40,High
5,10,32,2,0.73,7.23,26-40,Moderate
16,43,50,5,0.14,-5.73,18-25,Moderate
19,12,26,1,0.73,1.24,41-60,Moderate
0,26,12,2,0.16,5.72,41-60,Moderate
3,27,28,3,0.84,-9.77,41-60,Moderate
32,23,43,5,0.1,1.18,26-40,Moderate
28,28,15,1,0.53,0.81,18-25,Moderate
0,14,36,5,0.96,4.29,41-60,Moderate
18,21,25,3,0.88,6.18,41-60,Moderate
30,13,32,2,0.87,3.45,18-25,High
36,17,16,3,0.85,9.64,41-60,Moderate
17,25,17,4,0.19,-9.6,26-40,Moderate
10,14,36,4,0.62,-3.32,18-25,Moderate
27,23,14,3,0.36,-8.32,41-60,Moderate
40,28,31,5,0.07,-5.89,41-60,Moderate
38,13,42,5,0.78,4.67,41-60,Moderate
22,23,32,3,0.79,2.02,26-40,Moderate
19,38,33,2,0.94,8.29,41-60,Moderate
7,35,38,2,0.18,9.41,18-25,Moderate
4,37,50,5,0.19,1.64,41-60,Low
26,21,16,3,0.61,0.34,18-25,Moderate
34,25,11,4,0.55,3.8,18-25,Moderate
25,48,36,5,0.93,-8.63,18-25,Moderate
40,29,28,4,0.09,1.07,26-40,Moderate
33,31,12,3,0.68,4.13,41-60,Moderate
5,50,45,3,0.6,7.32,18-25,Low
0,28,35,1,0.15,8.89,18-25,Moderate
21,30,31,4,0.7,3.6,41-60,Moderate
27,10,13,1,0.54,8.79,26-40,Moderate
9,45,18,5,0.62,4.79,18-25,Low
5,47,26,2,0.01,-1.33,41-60,Moderate
34,30,34,4,0.86,6.35,18-25,Moderate
8,36,35,3,0.59,2.27,26-40,Low
40,29,49,1,0.82,-9.0,41-60,High
32,14,43,3,0.46,4.65,26-40,Moderate
32,20,25,2,0.37,-3.34,41-60,Moderate
17,47,28,4,0.93,0.89,18-25,Moderate
2,19,47,1,0.25,9.75,41-60,Moderate
7,26,18,5,0.58,0.77,41-60,Moderate
27,42,46,1,0.04,5.75,41-60,High
1,47,49,4,0.54,-7.11,26-40,Low
14,37,27,2,0.5,5.7,26-40,Moderate
12,13,31,5,0.47,-9.43,41-60,Moderate
27,24,10,3,0.41,3.1,41-60,Moderate
0,47,47,5,0.16,-8.59,41-60,Low
9,37,30,2,0.88,6.28,18-25,Moderate
19,28,44,4,0.29,-3.8,41-60,Moderate
26,32,34,5,0.74,-8.47,26-40,Moderate
23,34,41,5,0.33,-2.91,26-40,Moderate
38,25,42,1,0.1,-2.15,41-60,High
34,48,31,1,0.86,3.54,18-25,High
16,21,32,3,0.41,-9.73,18-25,Moderate
8,38,46,5,0.72,-2.3,41-60,Low
22,26,49,5,0.72,4.65,18-25,Moderate
17,39,31,1,0.35,-1.72,18-25,Moderate
31,23,19,4,0.58,-7.63,41-60,Moderate
27,20,23,3,0.34,4.99,18-25,Moderate
23,17,18,1,0.43,0.82,18-25,Moderate
9,49,10,5,0.5,-1.76,18-25,Low
0,43,38,5,0.7,-0.09,41-60,Low
28,48,33,2,0.51,-7.71,18-25,High
25,12,16,2,0.51,-1.61,41-60,Moderate
16,34,12,5,0.63,3.77,26-40,Moderate
15,34,37,1,0.54,6.72,26-40,Moderate
21,25,50,3,0.13,-4.29,18-25,Moderate
6,23,38,3,0.82,-1.91,41-60,Moderate
14,12,20,5,0.41,2.96,18-25,Moderate
17,11,41,4,0.18,4.86,41-60,Moderate
14,37,27,2,0.51,9.78,18-25,Moderate
19,38,38,3,0.22,-2.99,41-60,Moderate
39,13,20,2,0.35,8.59,18-25,Moderate
29,11,18,4,0.63,-8.09,41-60,Moderate
14,34,45,1,0.58,5.64,18-25,Moderate
38,41,26,3,0.67,2.41,18-25,Moderate
28,16,37,1,0.35,-2.18,26-40,High
16,25,32,3,0.43,5.49,26-40,Moderate
36,31,21,2,0.41,4.26,41-60,Moderate
15,17,49,3,0.19,2.0,26-40,Moderate
1,39,39,4,0.72,4.92,18-25,Low
15,26,35,2,0.13,-1.12,26-40,Moderate
22,27,41,1,0.27,3.85,41-60,Moderate
2,47,12,5,0.32,-4.61,26-40,Low
27,30,22,3,0.6,-4.71,18-25,Moderate
38,24,24,4,0.46,9.67,18-25,Moderate
23,29,46,4,0.37,-1.35,18-25,Moderate
0,46,31,5,0.88,-5.13,41-60,Low
4,15,34,3,0.51,4.72,26-40,Moderate
6,49,22,2,0.84,-5.02,26-40,Moderate
37,36,29,4,0.33,4.96,26-40,Moderate
31,19,12,5,0.47,1.42,41-60,Moderate
15,22,44,4,0.89,6.98,26-40,Moderate
10,39,44,2,0.71,-3.82,18-25,Moderate
14,44,12,5,0.86,1.74,41-60,Moderate
24,13,38,3,0.44,4.15,18-25,Moderate
24,29,28,3,0.93,-3.16,26-40,Moderate
4,14,30,4,0.49,7.22,26-40,Moderate
19,47,34,3,0.95,6.66,41-60,Moderate
26,27,32,3,0.17,0.01,41-60,Moderate
40,34,50,2,0.55,4.96,41-60,High
6,13,10,4,0.04,1.59,41-60,Moderate
16,38,23,2,0.02,5.58,41-60,Moderate
14,21,49,4,0.96,0.72,41-60,Moderate
25,39,22,5,0.58,6.68,41-60,Moderate
1,45,35,3,0.59,-2.9,41-60,Low
21,29,17,5,0.42,-8.31,41-60,Moderate
19,25,16,5,0.98,3.67,26-40,Moderate
26,32,33,1,1.0,-9.4,18-25,Moderate
16,40,17,5,0.06,-3.29,26-40,Moderate
38,21,26,2,0.94,-8.3,26-40,Moderate
10,43,16,4,0.17,-0.5,18-25,Low
37,33,19,4,0.44,0.6,18-25,Moderate
36,49,17,4,0.28,5.97,18-25,Moderate
7,38,39,4,0.83,-2.69,18-25,Low
35,22,41,4,0.21,6.18,26-40,Moderate
30,27,47,2,0.83,4.13,26-40,High
31,14,47,2,0.51,-7.12,18-25,High
34,32,26,1,0.46,-3.87,18-25,Moderate
33,18,31,5,0.35,0.94,41-60,Moderate
11,49,26,2,0.31,0.76,26-40,Moderate
38,22,26,1,0.94,-9.68,18-25,Moderate
20,27,22,1,0.49,-0.34,41-60,Moderate
18,16,44,2,0.12,3.97,26-40,Moderate
24,41,49,5,0.89,6.36,26-40,Moderate
5,28,22,1,0.51,7.39,26-40,Moderate
3,48,17,1,0.74,-4.41,26-40,Moderate
37,37,39,3,0.22,-6.34,41-60,Moderate
33,25,31,5,0.58,1.18,26-40,Moderate
5,23,41,3,0.94,7.88,18-25,Moderate
11,40,38,5,0.18,3.46,18-25,Low
40,40,30,2,0.52,1.78,18-25,Moderate
3,22,29,4,0.75,-6.96,26-40,Moderate
32,10,24,5,0.09,-0.28,18-25,Moderate
26,32,17,3,0.24,8.17,18-25,Moderate
38,46,37,1,0.7,2.31,41-60,High
17,26,39,5,0.77,-2.04,26-40,Moderate
29,27,22,3,0.03,-5.91,18-25,Moderate
16,49,28,4,0.67,-0.63,26-40,Moderate
30,32,39,1,0.85,8.57,26-40,High
0,44,20,2,0.22,-3.28,41-60,Moderate
11,42,23,1,0.61,-4.38,41-60,Moderate
11,10,49,2,0.39,5.02,26-40,Moderate
30,26,42,2,0.68,1.32,18-25,High
22,15,31,2,0.32,4.99,18-25,Moderate
7,50,44,3,0.35,-9.4,26-40,Low
1,49,28,4,0.6,3.07,26-40,Low
37,37,11,5,0.88,4.78,26-40,Moderate
25,45,22,4,0.68,0.86,41-60,Moderate
35,28,44,3,0.85,-8.22,18-25,Moderate
39,42,21,2,0.93,-8.76,26-40,Moderate
8,25,21,5,0.45,0.03,18-25,Moderate
23,18,35,4,0.75,1.56,18-25,Moderate
2,33,14,3,0.76,-8.89,26-40,Low
14,44,21,1,0.66,-1.78,26-40,Moderate
33,32,40,2,0.9,8.18,41-60,High
22,10,34,2,0.18,-3.16,26-40,Moderate
24,29,31,5,0.73,0.63,26-40,Moderate
37,24,24,1,0.16,-7.67,41-60,Moderate
4,15,32,4,0.58,-7.88,26-40,Moderate
34,31,49,3,0.41,1.21,18-25,Moderate
7,20,14,2,0.58,-0.72,26-40,Moderate
37,38,14,1,0.9,5.67,41-60,Moderate
39,39,20,4,0.22,7.46,41-60,Moderate
12,17,37,2,0.79,-9.36,26-40,Moderate
20,43,40,4,0.03,0.47,41-60,Moderate
21,49,46,1,0.25,1.55,26-40,Moderate
20,24,26,3,0.35,-2.75,26-40,Moderate
16,26,35,5,0.08,-0.67,26-40,Moderate
13,15,44,5,0.58,5.24,26-40,Moderate
12,40,44,4,0.12,8.67,26-40,Low
22,34,43,2,0.94,-3.76,26-40,Moderate
5,15,27,4,0.56,4.3,41-60,Moderate
12,16,24,3,0.77,-9.12,18-25,Moderate
34,26,44,3,0.23,3.63,26-40,Moderate
39,33,26,3,0.96,-1.12,18-25,Moderate
35,22,15,2,0.54,-4.44,41-60,Moderate
14,13,49,3,0.03,8.14,41-60,Moderate
3,35,37,5,0.71,-8.09,26-40,Low
7,33,24,3,0.26,-3.74,41-60,Low
1,17,16,4,0.92,2.71,26-40,Moderate
15,44,39,2,0.31,-9.14,26-40,Moderate
28,48,43,3,0.89,3.16,18-25,Moderate
29,15,13,5,0.92,-4.98,26-40,Moderate
17,24,49,2,0.51,-3.83,26-40,Moderate
19,15,12,2,0.01,9.57,41-60,Moderate
3,13,26,1,0.21,7.14,41-60,Moderate
5,44,31,1,0.4,5.67,41-60,Moderate
10,22,12,1,0.6,3.19,26-40,Moderate
32,27,50,1,0.18,2.46,18-25,High
4,32,39,1,0.16,-6.58,41-60,Moderate
24,19,23,2,0.08,-2.14,26-40,Moderate
40,34,23,3,0.6,-6.74,18-25,Moderate
34,20,20,5,0.83,9.49,41-60,Moderate
16,11,21,1,0.42,-8.99,26-40,Moderate
10,25,27,3,0.03,1.67,41-60,Moderate
5,21,22,4,0.97,0.88,18-25,Moderate
26,36,24,4,0.43,6.65,18-25,Moderate
16,26,45,5,0.09,-8.2,26-40,Moderate
35,37,38,4,0.29,-4.41,26-40,Moderate
13,19,16,5,0.87,5.18,41-60,Moderate
28,12,24,4,0.69,1.06,41-60,Moderate
12,30,46,3,0.91,0.95,18-25,Moderate
24,15,45,2,0.41,3.59,18-25,Moderate
4,45,39,5,0.34,6.06,18-25,Low
28,45,31,4,0.9,-4.05,41-60,Moderate
38,28,47,4,0.67,6.52,26-40,Moderate
8,41,13,2,0.4,-6.87,41-60,Moderate
10,46,31,2,0.03,9.8,18-25,Moderate
12,18,40,4,0.98,5.88,18-25,Moderate
34,30,40,3,0.99,5.36,18-25,Moderate
9,11,11,4,0.67,0.01,41-60,Moderate
15,48,40,3,0.28,-7.42,26-40,Moderate
20,13,16,2,0.52,-4.93,18-25,Moderate
16,42,20,4,0.2,3.04,41-60,Moderate
6,11,33,4,0.1,-7.48,18-25,Moderate
39,20,12,4,0.15,7.79,18-25,Moderate
1,25,11,4,0.0,-2.44,18-25,Moderate
27,34,41,5,0.46,8.86,26-40,Moderate
32,22,50,2,0.25,3.01,18-25,High
21,29,36,1,1.0,-6.33,41-60,Moderate
24,11,21,1,0.47,-9.73,26-40,Moderate
31,43,29,4,0.78,3.46,41-60,Moderate
35,33,36,2,0.66,9.31,41-60,High
28,24,21,5,0.58,1.28,18-25,Moderate
23,30,19,5,0.6,-3.18,18-25,Moderate
11,31,15,4,0.99,4.54,41-60,Low
15,45,34,1,0.84,2.29,18-25,Moderate
37,12,32,5,0.27,-5.64,18-25,Moderate
3,30,49,3,0.59,-9.68,41-60,Moderate
5,21,25,1,0.67,1.13,26-40,Moderate
6,41,24,4,0.92,-0.79,41-60,Low
33,14,36,4,0.64,-4.23,26-40,Moderate
13,24,42,5,0.71,-2.87,18-25,Moderate
18,32,41,5,0.96,1.31,18-25,Moderate
8,38,15,1,0.38,3.33,18-25,Moderate
4,36,34,1,0.31,-8.07,26-40,Moderate
10,48,33,3,0.53,7.47,18-25,Low
34,29,12,1,0.32,-0.47,18-25,Moderate
0,26,11,5,0.86,1.85,41-60,Moderate
32,12,44,5,0.58,3.87,26-40,Moderate
19,18,48,4,0.43,9.89,41-60,Moderate
26,22,22,4,0.77,-3.85,41-60,Moderate
21,28,17,4,0.55,0.47,41-60,Moderate
25,32,22,4,0.77,3.04,18-25,Moderate
38,21,24,3,0.64,6.4,26-40,Moderate
37,43,28,4,0.31,2.27,18-25,Moderate
0,44,49,3,0.14,7.87,18-25,Low
6,20,48,5,1.0,4.01,26-40,Moderate
37,21,46,5,0.32,-8.86,18-25,Moderate
24,13,20,1,0.68,-3.86,18-25,Moderate
27,50,32,5,0.12,1.69,41-60,Moderate
25,34,38,3,0.08,-6.68,26-40,Moderate
34,39,37,1,0.11,-7.72,41-60,High
28,24,34,3,0.0,2.28,41-60,Moderate
37,32,34,2,0.73,-7.29,26-40,High
40,19,19,1,0.6,1.63,18-25,Moderate
37,36,42,1,0.16,3.51,26-40,High
3,26,13,3,0.7,-5.7,41-60,Moderate
6,39,18,5,0.58,-3.09,26-40,Low
18,45,36,1,0.4,-4.07,18-25,Moderate
15,44,40,4,0.61,0.47,26-40,Moderate
25,48,50,4,0.2,-3.7,41-60,Moderate
1,21,39,4,0.78,-4.46,18-25,Moderate
6,10,35,2,0.18,4.44,26-40,Moderate
7,33,31,3,0.52,1.61,41-60,Low
36,39,42,2,0.81,9.01,26-40,High
26,48,18,5,0.01,-5.47,41-60,Moderate
14,11,48,5,0.12,-7.46,18-25,Moderate
6,27,47,5,0.91,6.71,18-25,Moderate
30,20,13,3,0.59,-2.94,18-25,Moderate
28,33,31,2,0.83,2.63,26-40,High
24,30,25,4,0.42,-9.71,41-60,Moderate
8,31,41,5,0.6,5.27,26-40,Low
31,19,48,2,0.08,-1.16,18-25,High
2,28,19,4,0.24,1.96,26-40,Moderate
11,47,22,5,0.48,-2.34,41-60,Low
19,13,30,3,0.07,1.48,18-25,Moderate
12,12,18,4,0.26,-7.73,18-25,Moderate
6,24,16,2,0.19,0.83,41-60,Moderate
36,10,19,3,0.59,-0.91,26-40,Moderate
24,21,34,1,0.8,5.14,26-40,Moderate
13,50,45,1,0.06,3.81,18-25,Moderate
4,34,27,5,0.09,-4.28,41-60,Low
27,36,41,1,0.42,-9.52,26-40,High
32,13,43,3,0.97,1.0,41-60,Moderate
23,48,39,5,0.24,-8.06,18-25,Moderate
17,27,11,2,0.55,-0.5,26-40,Moderate
11,22,20,3,0.99,-5.19,41-60,Moderate
13,33,50,1,0.41,9.56,26-40,Moderate
22,28,27,4,0.73,-1.6,41-60,Moderate
32,28,37,3,0.07,-6.38,41-60,Moderate
36,35,44,2,0.65,-0.81,41-60,High
37,22,32,4,1.0,-7.3,18-25,Moderate
34,17,31,5,0.43,-7.45,18-25,Moderate
40,10,15,3,0.67,-0.32,18-25,Moderate
22,41,39,5,0.59,1.51,18-25,Moderate
32,30,48,3,0.57,-5.8,41-60,Moderate
39,16,29,3,0.26,3.9,41-60,Moderate
30,30,35,5,0.49,-7.34,41-60,Moderate
36,37,26,4,0.51,-4.24,26-40,Moderate
40,15,20,1,0.24,-8.17,41-60,Moderate
10,23,11,3,0.17,-0.57,26-40,Moderate
23,28,27,1,0.36,-7.49,26-40,Moderate
34,10,45,1,0.02,7.23,26-40,High
33,34,25,2,0.63,6.17,26-40,Moderate
24,25,18,1,0.33,-6.71,26-40,Moderate
15,49,27,2,0.44,1.88,26-40,Moderate
20,15,41,1,0.08,-8.24,18-25,Moderate
9,39,27,4,0.01,-2.79,26-40,Low
30,24,13,1,0.31,-4.13,26-40,Moderate
16,25,24,3,0.56,4.14,26-40,Moderate
4,29,24,2,0.89,6.32,41-60,Moderate
3,19,40,1,0.88,-9.02,41-60,Moderate
8,39,20,3,0.9,-9.51,26-40,Low
35,22,21,5,0.24,5.16,26-40,Moderate
6,11,32,5,0.93,-3.93,26-40,Moderate
4,40,34,2,0.33,-8.91,18-25,Moderate
1,34,22,2,0.58,-5.86,18-25,Moderate
5,12,44,2,0.21,-3.73,41-60,Moderate
4,28,31,3,0.01,0.47,18-25,Moderate
15,33,50,4,0.8,-3.53,41-60,Moderate
34,23,28,4,0.38,-3.22,18-25,Moderate
24,25,49,3,0.25,-3.66,26-40,Moderate
18,26,22,3,0.79,-4.53,26-40,Moderate
5,33,27,5,0.33,-8.92,26-40,Low
23,20,35,3,0.31,-8.73,41-60,Moderate
10,47,23,3,0.95,-3.42,18-25,Low
38,39,17,3,0.95,-3.74,41-60,Moderate
6,18,10,5,0.74,3.55,26-40,Moderate
3,44,12,5,0.05,4.35,26-40,Low
26,25,47,4,0.19,6.41,26-40,Moderate
32,45,46,1,0.31,-0.46,26-40,High
4,41,12,4,0.93,-1.96,18-25,Low
13,40,40,1,0.3,-7.22,41-60,Moderate
17,23,24,3,0.68,2.63,41-60,Moderate
7,24,12,5,0.3,5.51,41-60,Moderate
31,41,39,4,0.54,9.52,26-40,Moderate
14,23,38,2,0.17,-0.75,41-60,Moderate
30,34,47,3,0.25,-8.53,18-25,Moderate
13,34,39,5,0.47,-1.79,18-25,Low
21,44,46,2,0.65,-1.62,26-40,Moderate
16,25,11,4,0.51,-3.58,41-60,Moderate
5,26,48,1,0.44,8.41,18-25,Moderate
15,50,46,1,0.42,-5.61,18-25,Moderate
8,45,31,2,0.17,-7.59,26-40,Moderate
32,27,16,1,0.23,4.11,18-25,Moderate
3,13,27,3,0.37,2.43,26-40,Moderate
27,50,45,4,0.99,-5.35,41-60,Moderate
22,33,22,2,0.45,4.78,18-25,Moderate
38,26,24,2,0.87,-9.8,18-25,Moderate
33,13,12,2,0.99,5.09,26-40,Moderate
21,10,13,1,0.86,-8.05,18-25,Moderate
20,35,23,1,0.01,-1.93,41-60,Moderate
5,29,33,3,0.0,-3.84,18-25,Moderate
23,16,28,1,0.29,-1.65,41-60,Moderate
29,38,31,3,0.91,-0.14,18-25,Moderate
40,43,10,2,0.3,-4.04,18-25,Moderate
13,32,34,3,0.63,-7.52,26-40,Low
33,44,10,4,0.86,-7.63,26-40,Moderate
0,10,36,5,0.86,-6.62,41-60,Moderate
39,35,25,4,0.77,8.7,26-40,Moderate
16,32,16,4,0.61,0.07,41-60,Moderate
33,13,23,3,0.7,-6.11,26-40,Moderate
16,46,21,1,0.65,-6.88,26-40,Moderate
5,28,27,5,0.19,9.02,26-40,Moderate
12,16,24,4,0.97,4.69,41-60,Moderate
35,36,14,5,0.5,6.58,18-25,Moderate
15,32,47,5,0.34,2.55,41-60,Moderate
22,38,43,1,0.94,8.35,41-60,Moderate
2,41,40,2,0.92,6.41,18-25,Moderate
13,41,15,2,0.15,1.93,41-60,Moderate
35,30,26,1,0.2,-5.25,18-25,Moderate
11,25,50,3,0.71,-6.14,41-60,Moderate
1,45,16,5,0.34,3.68,41-60,Low
21,35,42,3,0.06,2.2,18-25,Moderate
37,50,33,1,0.09,8.22,18-25,High
1,41,33,1,0.34,-7.77,18-25,Moderate
29,49,20,5,0.55,7.69,26-40,Moderate
23,19,26,2,0.73,-3.97,26-40,Moderate
17,26,18,1,0.11,-9.92,41-60,Moderate
19,18,22,3,0.47,-5.46,26-40,Moderate
18,35,35,1,0.69,-4.76,18-25,Moderate
17,41,12,2,0.92,1.07,41-60,Moderate
32,21,12,3,0.8,6.66,18-25,Moderate
7,45,16,4,0.81,6.9,26-40,Low
0,34,19,2,0.58,-0.72,26-40,Moderate
5,25,29,1,0.22,-7.74,26-40,Moderate
13,16,42,2,0.03,-2.39,26-40,Moderate
2,13,35,3,0.61,6.11,18-25,Moderate
11,35,42,5,0.62,3.61,41-60,Low
25,30,37,4,0.05,-9.56,41-60,Moderate
22,24,22,1,0.84,1.01,26-40,Moderate
19,29,12,4,0.7,7.11,26-40,Moderate
13,25,28,2,0.94,0.31,18-25,Moderate
12,45,31,2,0.33,6.31,26-40,Moderate
29,49,16,3,0.34,7.39,18-25,Moderate
36,16,14,3,0.27,6.55,18-25,Moderate
4,32,46,1,0.64,-6.07,18-25,Moderate
16,35,30,5,0.84,4.09,26-40,Moderate
23,44,23,2,0.93,0.55,26-40,Moderate
33,50,19,2,0.1,5.84,26-40,Moderate
30,10,21,4,0.17,4.15,41-60,Moderate
20,31,13,2,0.73,8.45,41-60,Moderate
16,19,43,5,0.67,2.47,41-60,Moderate
11,18,11,2,0.33,0.39,26-40,Moderate
9,30,29,4,0.08,-1.28,26-40,Moderate
13,30,31,5,0.14,-8.61,26-40,Moderate
19,33,32,1,0.33,4.74,26-40,Moderate
21,19,15,1,0.62,-8.74,26-40,Moderate
9,17,30,5,0.28,-0.85,26-40,Moderate
32,27,37,1,0.46,6.91,26-40,High
26,19,41,2,0.58,-7.62,41-60,Moderate
33,49,32,5,0.72,0.95,41-60,Moderate
32,30,11,2,0.1,-2.13,41-60,Moderate
19,44,27,5,0.88,-5.37,26-40,Moderate
22,20,11,2,0.56,0.33,26-40,Moderate
12,49,34,4,0.85,3.7,18-25,Low
29,28,32,3,0.28,-3.64,26-40,Moderate
23,43,17,2,0.91,2.21,41-60,Moderate
29,22,28,5,0.22,0.31,18-25,Moderate
11,11,20,4,0.96,-2.46,41-60,Moderate
21,21,11,5,0.39,7.02,18-25,Moderate
11,25,32,4,0.8,-6.79,26-40,Moderate
12,14,20,2,0.72,-4.57,26-40,Moderate
14,16,49,4,0.68,-3.98,26-40,Moderate
35,30,15,1,0.21,3.92,41-60,Moderate
36,32,38,5,0.47,-7.04,41-60,Moderate
26,48,49,5,0.13,-5.93,18-25,Moderate
3,49,25,5,0.32,-9.82,18-25,Low
25,46,42,4,0.51,-1.94,41-60,Moderate
27,44,14,2,0.94,5.03,26-40,Moderate
13,20,47,4,0.63,-5.7,18-25,Moderate
40,17,46,3,0.2,5.96,41-60,Moderate
37,24,14,5,0.39,-4.34,26-40,Moderate
11,13,40,2,0.05,-3.22,18-25,Moderate
22,21,43,4,0.63,2.81,41-60,Moderate
17,44,43,1,0.59,-0.22,41-60,Moderate
14,37,25,4,0.23,-4.22,18-25,Moderate
0,48,41,2,0.12,9.08,41-60,Moderate
23,44,48,2,0.6,3.29,26-40,Moderate
21,13,18,4,0.5,-9.85,41-60,Moderate
23,49,40,3,0.51,7.14,18-25,Moderate
25,25,22,3,0.46,-0.5,18-25,Moderate
29,45,12,1,0.08,7.26,18-25,Moderate
11,30,13,4,0.2,6.53,18-25,Moderate
19,24,32,4,0.31,-1.97,41-60,Moderate
16,46,22,3,0.3,-6.15,26-40,Moderate
35,45,29,4,0.97,-5.97,26-40,Moderate
3,43,11,5,0.01,-0.87,18-25,Low
40,22,48,5,0.45,-4.91,18-25,Moderate
26,30,17,1,0.72,-4.36,41-60,Moderate
20,39,30,1,0.02,5.49,26-40,Moderate
30,49,47,3,0.03,5.67,41-60,Moderate
32,22,23,1,0.57,5.84,26-40,Moderate
35,19,40,1,0.89,-3.28,26-40,High
20,37,25,4,0.45,-4.43,41-60,Moderate
27,14,30,2,0.32,9.04,18-25,Moderate
18,42,10,5,0.05,1.57,41-60,Moderate
40,49,12,1,0.44,0.21,26-40,Moderate
19,43,30,3,0.26,-3.06,18-25,Moderate
8,26,11,3,0.95,-8.17,26-40,Moderate
19,18,26,3,0.26,-1.0,18-25,Moderate
35,28,26,5,1.0,-4.25,26-40,Moderate
6,26,48,4,0.1,-8.89,41-60,Moderate
24,14,39,4,0.85,-8.82,41-60,Moderate
3,33,23,5,0.52,9.81,41-60,Low
11,27,26,3,0.17,-2.31,26-40,Moderate
14,41,18,4,0.48,5.88,26-40,Moderate
21,36,28,5,0.81,-5.23,26-40,Moderate
0,19,41,4,0.51,6.9,41-60,Moderate
31,36,37,2,0.65,7.45,26-40,High
17,17,40,2,0.37,-8.15,26-40,Moderate
37,18,18,3,0.96,-5.05,41-60,Moderate
27,39,13,4,0.32,7.78,26-40,Moderate
1,23,31,4,0.23,-7.87,41-60,Moderate
14,33,34,1,0.75,-9.04,41-60,Moderate
4,47,21,2,0.78,0.45,18-25,Moderate
16,13,16,1,0.72,2.15,26-40,Moderate
38,43,15,2,0.6,4.79,41-60,Moderate
33,24,23,2,0.42,-3.81,26-40,Moderate
2,31,31,2,0.12,-8.62,26-40,Moderate
28,26,16,5,0.54,-7.49,18-25,Moderate
38,33,26,4,0.21,-1.78,18-25,Moderate
9,18,36,5,0.37,-2.18,26-40,Moderate
3,33,44,3,0.44,-3.93,26-40,Low
34,40,34,5,0.86,6.9,26-40,Moderate
26,15,26,4,0.31,-8.78,18-25,Moderate
40,11,22,4,0.23,-6.48,41-60,Moderate
25,31,12,3,0.82,9.68,18-25,Moderate
4,29,48,5,0.23,3.25,26-40,Moderate
11,22,19,1,0.4,-1.38,18-25,Moderate
34,12,14,2,0.58,7.78,41-60,Moderate
9,43,12,3,0.45,-4.07,26-40,Low
5,50,41,4,0.32,-4.84,41-60,Low
24,21,16,1,0.46,-6.73,26-40,Moderate
22,36,15,2,0.9,2.57,41-60,Moderate
14,38,17,5,0.76,-4.69,18-25,Moderate
4,48,27,5,0.87,-0.02,41-60,Low
9,24,27,1,0.1,1.7,41-60,Moderate
33,37,11,5,0.47,-7.87,41-60,Moderate
27,48,29,5,0.08,-7.75,26-40,Moderate
26,35,16,2,0.9,-7.33,26-40,Moderate
4,32,37,2,0.97,-0.92,41-60,Moderate
30,28,18,5,0.86,-6.59,41-60,Moderate
38,13,12,5,0.93,-9.51,18-25,Moderate
10,36,42,5,0.41,-3.04,41-60,Low
1,36,45,3,0.68,7.59,26-40,Low
34,44,40,4,0.98,8.24,26-40,Moderate
37,29,12,3,0.1,-8.72,18-25,Moderate
9,14,18,2,0.46,5.69,26-40,Moderate
30,19,21,4,0.53,-8.68,18-25,Moderate
5,12,19,5,0.36,3.65,18-25,Moderate
25,47,35,5,0.13,3.11,41-60,Moderate
0,25,46,3,0.87,7.82,26-40,Moderate
15,30,11,3,0.82,-5.11,41-60,Moderate
37,34,20,1,0.55,-6.15,41-60,Moderate
20,17,30,4,0.51,2.12,18-25,Moderate
28,18,24,2,0.75,4.55,18-25,Moderate
35,29,46,1,0.84,-9.65,41-60,High
27,47,40,5,0.33,-3.01,41-60,Moderate
26,33,22,2,0.44,-4.79,18-25,Moderate
27,37,17,5,0.68,-5.88,18-25,Moderate
35,50,36,2,0.13,3.52,18-25,High
26,10,32,2,0.51,-3.13,26-40,Moderate
2,15,15,5,0.78,4.07,18-25,Moderate
22,11,21,5,0.5,9.01,18-25,Moderate
19,10,10,1,0.43,-9.34,26-40,Moderate
29,50,12,3,0.22,2.42,18-25,Moderate
25,22,10,2,0.76,0.01,26-40,Moderate
15,49,25,3,0.65,-5.34,41-60,Moderate
15,24,43,3,0.83,-0.13,18-25,Moderate
3,14,44,5,0.98,-4.16,41-60,Moderate
38,50,32,3,0.46,-4.82,26-40,Moderate
25,42,46,2,0.91,-6.63,18-25,Moderate
3,29,45,4,0.52,-0.62,26-40,Moderate
34,39,45,1,0.57,0.3,26-40,High
18,10,14,3,0.13,2.87,18-25,Moderate
36,45,45,4,0.92,6.43,26-40,Moderate
15,50,27,2,0.68,3.65,18-25,Moderate
38,48,38,2,0.46,7.82,26-40,High
30,18,40,1,0.16,3.84,41-60,High
13,42,44,2,0.69,-5.13,41-60,Moderate
19,11,50,3,0.86,6.34,18-25,Moderate
3,21,38,4,0.31,5.24,18-25,Moderate
31,19,26,5,0.87,4.75,18-25,Moderate
32,45,45,2,0.27,8.24,18-25,High
13,34,24,2,0.03,-2.49,26-40,Moderate
17,48,25,3,0.65,-1.9,18-25,Moderate
37,27,29,2,0.01,6.11,18-25,Moderate
12,13,23,1,0.97,8.32,18-25,Moderate
33,14,14,5,0.96,-6.73,18-25,Moderate
2,39,21,5,0.82,-2.43,18-25,Low
29,18,35,2,0.98,2.59,41-60,High
24,22,48,4,0.14,-8.91,26-40,Moderate
1,50,40,4,0.79,-5.13,41-60,Low
12,14,19,3,0.36,5.06,41-60,Moderate
29,16,15,3,1.0,-0.51,18-25,Moderate
23,15,21,1,0.71,-5.02,18-25,Moderate
33,35,27,5,0.63,-9.42,18-25,Moderate
21,39,39,2,0.16,9.19,41-60,Moderate
19,49,34,3,0.41,5.25,18-25,Moderate
7,28,32,3,0.02,1.73,18-25,Moderate
18,38,48,4,0.72,-1.15,26-40,Moderate
18,42,25,2,0.18,-2.97,41-60,Moderate
27,14,35,5,0.26,7.34,18-25,Moderate
32,32,42,3,0.7,-8.89,41-60,Moderate
25,25,22,1,0.48,-0.28,18-25,Moderate
37,11,15,2,0.45,4.37,18-25,Moderate
26,50,17,4,0.19,-0.72,26-40,Moderate
28,15,23,2,0.53,2.63,26-40,Moderate
21,32,16,2,0.93,-0.83,41-60,Moderate
9,18,24,4,0.41,8.53,18-25,Moderate
33,44,47,3,0.08,9.69,26-40,Moderate
5,28,12,2,0.97,-6.5,26-40,Moderate
4,12,20,1,0.72,5.54,18-25,Moderate
26,37,38,2,0.1,0.18,26-40,Moderate
36,25,33,3,0.53,9.92,41-60,Moderate
28,44,24,4,0.21,8.5,41-60,Moderate
15,19,41,3,0.34,-9.86,41-60,Moderate
37,40,49,2,0.98,3.0,26-40,High
24,10,12,2,0.9,2.47,26-40,Moderate
20,10,30,3,0.95,-1.87,41-60,Moderate
35,37,26,3,0.09,8.73,26-40,Moderate
11,48,21,2,0.2,6.1,41-60,Moderate
29,14,18,5,0.95,-9.0,41-60,Moderate
1,33,40,1,0.27,-2.01,41-60,Moderate
27,40,20,1,0.01,1.34,41-60,Moderate
34,11,48,5,0.82,-9.73,26-40,Moderate
20,38,29,5,0.07,3.69,26-40,Moderate
1,41,35,1,0.15,2.97,41-60,Moderate
4,22,28,4,0.61,-8.32,26-40,Moderate
34,21,39,5,0.58,-4.68,41-60,Moderate
2,29,40,5,0.45,5.07,26-40,Moderate
7,33,29,4,0.82,-4.79,18-25,Low
12,48,34,4,0.13,4.4,26-40,Low
12,41,24,4,0.1,-4.52,26-40,Low
15,50,19,2,0.13,7.33,26-40,Moderate
25,14,25,3,0.16,4.01,41-60,Moderate
22,23,24,1,0.08,-6.17,41-60,Moderate
22,26,23,5,0.39,6.96,26-40,Moderate
38,22,27,1,0.83,-1.93,41-60,Moderate
32,41,26,3,0.24,5.88,26-40,Moderate
36,43,29,1,0.11,-5.22,18-25,Moderate
20,20,36,2,0.17,-1.05,18-25,Moderate
15,16,25,3,0.54,1.03,18-25,Moderate
11,44,30,2,0.33,-4.44,18-25,Moderate
31,50,15,3,0.76,-5.88,18-25,Moderate
27,47,12,4,0.78,-3.23,18-25,Moderate
0,46,15,5,0.74,-8.95,26-40,Low
25,23,16,2,0.43,-6.22,26-40,Moderate
28,41,26,4,0.08,-6.08,26-40,Moderate
26,34,41,4,0.54,-4.61,26-40,Moderate
25,18,44,4,0.73,0.56,18-25,Moderate
29,37,44,3,1.0,6.05,18-25,Moderate
38,45,39,3,0.15,-4.31,18-25,Moderate
36,46,24,5,0.54,-8.45,26-40,Moderate
1,29,24,4,0.41,8.66,26-40,Moderate
22,35,20,4,0.36,-7.83,41-60,Moderate
28,20,46,2,0.17,0.25,26-40,High
9,44,18,3,0.17,3.45,26-40,Low
2,48,23,4,0.68,-5.94,18-25,Low
9,24,28,5,0.15,-3.98,18-25,Moderate
22,22,14,4,0.06,-1.0,18-25,Moderate
34,46,30,2,0.3,-0.8,26-40,Moderate
16,40,43,3,0.88,1.43,18-25,Moderate
1,11,24,5,0.21,-7.67,41-60,Moderate
27,23,39,1,0.02,-2.8,41-60,High
23,15,36,2,0.09,-7.98,26-40,Moderate
37,43,49,3,0.64,-7.18,18-25,Moderate
17,21,37,4,0.0,7.88,41-60,Moderate
10,31,44,4,0.95,-4.83,41-60,Low
17,23,27,4,0.05,-0.07,26-40,Moderate
7,13,36,4,0.77,6.06,18-25,Moderate
29,17,48,2,0.15,5.97,18-25,High
39,37,48,4,0.05,-6.47,26-40,Moderate
37,13,27,4,0.39,1.57,18-25,Moderate
27,14,12,4,0.17,-2.43,41-60,Moderate
19,28,20,3,0.39,3.32,41-60,Moderate
6,43,28,2,0.5,-1.7,26-40,Moderate
40,34,23,4,0.56,7.84,41-60,Moderate
14,25,36,2,0.4,1.0,26-40,Moderate
27,30,23,1,0.88,-0.54,18-25,Moderate
21,12,46,1,0.46,8.06,26-40,Moderate
11,15,49,4,0.64,-3.0,26-40,Moderate
8,11,38,1,0.84,9.23,18-25,Moderate
7,46,42,4,0.54,6.08,26-40,Low
31,36,10,3,0.38,-1.11,26-40,Moderate
31,14,26,1,0.09,-3.94,18-25,Moderate
22,44,16,5,0.99,3.97,26-40,Moderate
2,33,43,3,0.7,-9.57,41-60,Low
34,47,17,5,0.38,-2.65,18-25,Moderate
31,24,26,1,0.52,3.41,41-60,Moderate
15,38,18,1,0.93,4.47,26-40,Moderate
20,30,14,2,0.69,4.16,41-60,Moderate
12,10,29,1,0.43,-1.15,41-60,Moderate
8,50,12,3,0.47,-8.95,26-40,Low
24,20,45,5,0.24,4.9,18-25,Moderate
39,10,13,5,0.29,-5.05,26-40,Moderate
12,40,47,3,0.81,6.5,26-40,Low
6,31,38,3,0.7,-4.63,18-25,Low
38,21,16,3,0.57,8.42,41-60,Moderate
25,49,18,1,0.92,-3.78,18-25,Moderate
35,34,33,4,0.24,-0.6,41-60,Moderate
28,37,36,1,0.83,3.28,26-40,High
8,32,17,3,0.53,4.36,41-60,Low
30,46,14,5,0.53,-9.44,26-40,Moderate
34,48,16,3,0.99,-4.68,26-40,Moderate
21,17,26,4,0.75,3.87,18-25,Moderate
11,36,17,4,0.86,3.68,26-40,Low
28,29,25,1,0.66,0.45,41-60,Moderate
7,47,47,5,0.3,4.96,26-40,Low
30,21,26,1,0.31,7.72,41-60,Moderate
31,34,48,2,0.8,-4.61,18-25,High
34,43,47,1,0.16,8.95,18-25,High
7,34,41,2,0.18,4.7,18-25,Moderate
9,21,37,3,0.67,-2.43,41-60,Moderate
28,25,31,3,0.66,-6.04,26-40,Moderate
36,43,20,1,0.06,1.03,26-40,Moderate
33,16,32,1,0.72,-5.39,26-40,High
19,43,39,1,0.95,-0.26,26-40,Moderate
17,36,45,2,0.45,5.93,26-40,Moderate
40,43,45,5,0.62,0.8,26-40,Moderate
11,30,49,3,0.63,-2.8,41-60,Moderate
18,15,25,2,0.49,6.73,26-40,Moderate
11,19,16,1,0.39,-1.13,26-40,Moderate
23,34,16,2,0.78,-5.98,26-40,Moderate
32,16,33,3,0.04,3.17,18-25,Moderate
3,45,37,1,0.28,-3.02,18-25,Moderate
36,48,33,1,0.85,5.98,26-40,High
30,38,22,2,0.21,0.74,18-25,Moderate
33,48,13,3,0.47,9.2,26-40,Moderate
38,22,46,1,0.73,4.71,26-40,High
6,47,17,5,0.86,-5.35,26-40,Low
10,33,15,5,0.22,8.51,18-25,Low
18,15,38,3,0.46,2.14,18-25,Moderate
5,46,37,1,0.09,1.18,18-25,Moderate
5,27,19,4,0.75,-3.65,41-60,Moderate
36,29,10,4,0.26,-9.48,26-40,Moderate
30,36,26,5,0.28,7.63,41-60,Moderate
16,31,34,2,0.58,-6.9,18-25,Moderate
35,15,30,5,0.66,-3.18,41-60,Moderate
25,48,29,1,0.08,7.63,26-40,Moderate
20,25,25,4,0.38,8.51,26-40,Moderate
2,34,28,1,0.91,7.48,18-25,Moderate
9,27,31,1,0.47,-9.02,41-60,Moderate
25,22,36,1,0.45,-3.97,41-60,Moderate
29,44,23,4,0.25,8.42,18-25,Moderate
16,49,30,1,0.94,-5.75,18-25,Moderate
33,19,19,3,0.82,7.99,18-25,Moderate
11,32,36,2,0.61,-8.86,26-40,Moderate
0,15,31,1,0.2,-2.57,41-60,Moderate
25,17,33,5,0.65,5.59,26-40,Moderate
0,45,21,3,0.35,4.87,41-60,Low
6,20,45,4,0.55,8.6,18-25,Moderate
40,33,18,5,0.09,-1.0,18-25,Moderate
37,24,12,3,0.49,7.89,18-25,Moderate
10,24,37,2,0.19,7.84,18-25,Moderate
6,24,27,2,0.32,-6.43,26-40,Moderate
39,29,43,3,0.25,-3.59,41-60,Moderate
4,20,10,2,0.36,6.17,41-60,Moderate
20,29,32,5,0.76,-3.36,18-25,Moderate
21,29,27,1,0.13,-3.09,26-40,Moderate
13,45,14,3,0.06,-7.37,26-40,Low
12,25,33,5,0.25,1.11,26-40,Moderate
15,47,10,1,0.75,-9.65,26-40,Moderate
28,46,26,2,0.4,-4.05,41-60,Moderate
28,12,19,3,0.8,-1.69,41-60,Moderate
29,41,41,2,0.74,3.24,41-60,High
1,26,39,4,0.23,-1.87,18-25,Moderate
0,18,29,5,0.24,-5.45,18-25,Moderate
3,18,50,2,0.82,7.14,26-40,Moderate
8,15,28,5,0.59,7.74,41-60,Moderate
38,28,46,5,0.6,-8.21,26-40,Moderate
7,42,11,4,0.0,-9.78,41-60,Low
9,33,13,5,0.56,8.88,41-60,Low
17,33,11,1,0.76,5.8,18-25,Moderate
34,48,19,1,0.88,-1.32,18-25,Moderate
14,44,14,1,0.11,0.37,26-40,Moderate
22,16,32,4,0.45,6.74,18-25,Moderate
33,18,42,3,0.6,-8.71,18-25,Moderate
33,50,38,2,0.98,-5.35,18-25,High
14,17,35,4,0.11,7.4,26-40,Moderate
15,31,21,3,0.29,4.74,26-40,Moderate
28,27,19,2,0.14,-1.48,18-25,Moderate
20,10,24,4,0.27,-2.0,26-40,Moderate
22,50,43,4,0.86,1.29,18-25,Moderate
38,19,29,1,0.11,3.77,18-25,Moderate
14,37,40,5,0.1,0.54,18-25,Moderate
12,23,20,4,0.22,-0.71,18-25,Moderate
30,26,18,2,0.82,1.3,41-60,Moderate
4,15,39,1,0.67,6.15,41-60,Moderate
1,46,10,4,0.54,8.71,18-25,Low
2,18,31,4,0.52,9.5,26-40,Moderate
29,31,15,2,0.81,-6.06,41-60,Moderate
15,21,10,5,0.29,7.06,26-40,Moderate
14,17,19,5,0.16,-2.67,18-25,Moderate
10,29,29,5,0.59,4.38,18-25,Moderate
33,35,39,1,0.33,6.75,18-25,High
3,15,23,4,0.23,8.63,18-25,Moderate
16,28,15,5,0.63,-4.5,26-40,Moderate
39,20,16,2,0.23,7.46,18-25,Moderate
30,35,50,4,0.3,-2.14,26-40,Moderate
1,11,25,1,0.96,0.06,18-25,Moderate
12,40,30,2,0.86,-1.31,18-25,Moderate
1,47,41,2,0.27,5.34,41-60,Moderate
40,19,13,3,0.85,-9.9,41-60,Moderate
13,47,21,5,0.84,-0.34,26-40,Low
10,50,12,5,0.93,-2.33,26-40,Low
33,40,49,2,0.8,0.59,18-25,High
24,28,17,4,0.63,5.26,41-60,Moderate
21,26,45,1,0.8,-2.46,18-25,Moderate
29,30,21,5,0.06,8.54,18-25,Moderate
10,17,13,3,0.53,-8.02,18-25,Moderate
29,36,30,4,0.57,2.31,18-25,Moderate
12,18,13,4,0.28,4.44,18-25,Moderate
25,47,22,4,0.16,-8.93,26-40,Moderate
12,22,37,5,0.38,5.14,41-60,Moderate
12,18,42,5,0.0,-8.55,18-25,Moderate
32,26,33,5,0.71,9.47,18-25,Moderate
15,11,26,3,0.45,-9.86,41-60,Moderate
11,29,25,3,0.68,4.05,18-25,Moderate
32,39,21,2,0.3,-7.47,18-25,Moderate
13,39,42,5,0.66,-0.58,26-40,Low
37,20,38,1,0.35,-7.35,41-60,High
18,11,31,4,0.72,-2.95,26-40,Moderate
8,43,32,5,0.43,-0.59,26-40,Low
15,24,10,3,0.08,8.57,41-60,Moderate
17,50,27,3,0.71,6.42,26-40,Moderate
0,36,36,3,0.83,5.34,26-40,Low
28,24,44,5,0.1,3.52,26-40,Moderate
36,12,18,2,0.17,2.13,18-25,Moderate
22,32,30,1,0.9,-8.53,41-60,Moderate
16,47,45,1,0.31,7.18,18-25,Moderate
12,49,24,3,0.73,2.34,18-25,Low
23,45,50,2,0.26,2.72,41-60,Moderate
10,21,27,4,0.15,7.26,41-60,Moderate
24,21,30,1,0.51,-9.64,18-25,Moderate
24,44,41,1,0.8,-7.29,41-60,Moderate
7,14,14,1,0.93,-0.32,41-60,Moderate
29,25,42,2,0.25,7.99,41-60,High
24,25,24,2,0.28,-1.27,18-25,Moderate
28,33,24,3,0.39,-5.15,26-40,Moderate
9,44,32,1,0.01,-9.61,18-25,Moderate
13,38,10,4,0.57,2.75,41-60,Low
25,26,48,4,0.43,-0.32,18-25,Moderate
18,33,33,3,0.62,-3.8,18-25,Moderate
40,36,18,4,0.76,-0.95,18-25,Moderate
30,19,46,5,0.04,-5.27,41-60,Moderate
5,49,21,5,1.0,9.92,41-60,Low
19,24,40,2,0.66,0.56,26-40,Moderate
38,37,39,5,0.92,-1.84,26-40,Moderate
14,30,46,4,0.8,-8.68,41-60,Moderate
27,32,49,4,0.78,1.68,26-40,Moderate
25,39,42,1,0.48,-6.55,26-40,Moderate
17,16,35,2,0.92,-6.05,26-40,Moderate
30,16,18,5,0.77,3.12,41-60,Moderate
20,40,43,1,0.72,5.08,26-40,Moderate
5,30,42,4,0.66,-5.21,26-40,Moderate
20,43,24,3,0.52,-0.76,41-60,Moderate
8,46,29,2,0.07,7.29,18-25,Moderate
8,41,15,4,0.28,8.1,41-60,Low
11,28,30,3,0.36,-7.98,41-60,Moderate
27,27,45,2,0.32,9.63,41-60,High
28,13,19,1,0.92,1.85,26-40,Moderate
24,15,35,3,0.11,5.15,41-60,Moderate
0,48,12,4,0.13,5.32,41-60,Low
7,47,28,2,0.87,-8.35,18-25,Moderate
40,28,39,5,0.25,-1.87,26-40,Moderate
30,48,33,2,0.17,-4.66,18-25,High
39,15,47,1,0.61,1.31,18-25,High
16,16,36,1,0.97,-1.23,41-60,Moderate
25,31,37,5,0.86,-7.8,41-60,Moderate
17,25,42,5,0.76,-4.31,41-60,Moderate
30,37,12,2,0.75,9.36,26-40,Moderate
13,16,45,2,0.7,6.51,26-40,Moderate
29,36,48,2,0.17,-3.55,41-60,High
0,31,20,2,0.39,-4.92,18-25,Moderate
25,30,22,1,0.26,-6.19,26-40,Moderate
5,22,31,5,0.19,-2.28,18-25,Moderate
13,14,45,2,0.15,-9.41,26-40,Moderate
9,26,39,5,0.09,5.17,26-40,Moderate
32,47,34,2,0.1,7.62,26-40,High
36,50,39,1,0.54,-4.33,18-25,High
0,21,14,1,0.06,2.86,41-60,Moderate
2,28,38,2,0.64,-7.42,18-25,Moderate
35,26,21,4,0.91,6.66,41-60,Moderate
3,26,46,2,0.53,-3.93,26-40,Moderate
19,47,33,5,0.97,2.14,18-25,Moderate
33,10,33,1,0.25,0.64,26-40,High
24,37,24,3,0.19,-5.71,41-60,Moderate
30,36,21,1,0.19,-8.88,26-40,Moderate
20,19,25,4,0.27,3.08,41-60,Moderate
30,20,29,4,0.83,-3.0,26-40,Moderate
16,20,39,3,0.45,-0.58,18-25,Moderate
26,46,44,4,0.16,9.7,18-25,Moderate
35,28,26,5,0.72,4.12,41-60,Moderate
27,10,45,3,0.85,-0.4,41-60,Moderate
37,30,18,5,0.51,-7.89,41-60,Moderate
1,17,22,1,0.26,-6.73,18-25,Moderate
29,22,28,1,0.68,0.04,26-40,Moderate
21,27,32,2,0.69,-3.49,41-60,Moderate
32,23,25,3,0.29,-1.52,26-40,Moderate
30,23,37,5,0.06,-6.75,18-25,Moderate
25,15,18,2,0.63,-6.99,18-25,Moderate
4,45,45,3,0.97,-6.49,18-25,Low
16,48,35,4,0.45,-4.92,26-40,Moderate
20,28,30,4,0.54,-3.9,26-40,Moderate
31,19,49,5,0.19,3.06,18-25,Moderate
3,24,26,4,0.31,3.27,26-40,Moderate
22,27,10,3,0.18,-1.37,26-40,Moderate
0,12,12,5,0.86,-9.89,18-25,Moderate
35,38,35,4,0.45,5.07,26-40,Moderate
32,31,12,5,0.76,-6.64,26-40,Moderate
36,40,30,2,0.44,-4.64,26-40,Moderate
23,20,50,5,1.0,2.16,18-25,Moderate
0,28,31,1,0.91,-2.63,41-60,Moderate
15,42,22,1,0.83,6.66,26-40,Moderate
38,42,42,5,0.34,-3.83,18-25,Moderate
30,34,42,5,0.85,-7.2,41-60,Moderate
40,40,22,3,0.1,-8.92,26-40,Moderate
27,28,32,5,0.4,3.57,41-60,Moderate
32,14,12,5,0.81,-7.81,18-25,Moderate
21,32,39,4,0.86,-8.43,41-60,Moderate
6,42,14,1,0.21,3.38,41-60,Moderate
3,43,14,1,0.28,5.85,26-40,Moderate
25,10,13,2,0.56,-6.28,41-60,Moderate
15,30,35,2,0.82,-4.3,18-25,Moderate
11,10,18,3,0.32,4.42,18-25,Moderate
15,33,23,5,0.61,1.71,18-25,Moderate
23,18,22,2,0.26,-8.31,41-60,Moderate
18,34,31,3,0.46,-0.15,18-25,Moderate
20,48,29,2,0.83,-4.15,41-60,Moderate
32,11,28,4,0.99,-6.66,41-60,Moderate
5,26,34,4,0.83,4.08,26-40,Moderate
17,35,45,1,0.63,-1.01,41-60,Moderate
32,36,13,2,0.82,-9.43,26-40,Moderate
36,41,16,1,0.29,-2.15,41-60,Moderate
10,33,17,1,0.82,-9.25,41-60,Moderate
18,29,23,1,0.75,-9.83,41-60,Moderate
3,36,37,5,0.49,2.61,26-40,Low
32,28,30,1,0.68,4.11,26-40,Moderate
7,25,27,5,0.52,-8.52,26-40,Moderate
5,50,14,3,0.85,9.95,18-25,Low
0,28,17,3,0.23,4.7,26-40,Moderate
39,28,27,2,0.58,8.08,41-60,Moderate
17,48,25,1,0.21,-3.74,26-40,Moderate
24,41,47,3,0.04,2.77,41-60,Moderate
11,26,46,3,0.44,7.22,26-40,Moderate
4,21,50,3,0.69,0.27,26-40,Moderate
8,50,27,2,0.11,1.54,18-25,Moderate
16,43,12,5,0.67,-9.12,18-25,Moderate
29,32,36,2,0.45,-3.35,18-25,High
33,46,31,1,0.51,-6.0,26-40,High
8,11,41,2,0.15,-8.54,26-40,Moderate
12,17,10,1,0.19,-7.8,18-25,Moderate
30,50,16,5,0.3,-3.67,41-60,Moderate
5,34,28,5,0.69,7.42,26-40,Low
14,22,22,5,0.32,9.49,26-40,Moderate
17,45,35,2,0.75,9.29,41-60,Moderate
12,10,32,3,0.17,1.59,18-25,Moderate
14,49,12,5,0.5,-4.55,41-60,Moderate
37,49,10,5,0.07,7.62,18-25,Moderate
18,12,45,3,0.94,3.56,18-25,Moderate
25,25,45,1,0.28,9.93,26-40,Moderate
36,23,36,4,0.8,-3.2,41-60,Moderate
3,39,28,1,0.03,-2.66,41-60,Moderate
9,40,46,3,0.7,-7.16,41-60,Low
12,28,10,5,0.93,-8.9,41-60,Moderate
10,26,17,4,0.96,-2.3,41-60,Moderate
1,25,40,5,0.91,-5.83,18-25,Moderate
27,17,23,4,0.16,4.72,26-40,Moderate
31,50,11,1,0.05,-9.73,41-60,Moderate
0,45,21,1,0.82,7.79,41-60,Moderate
37,42,31,1,0.88,7.84,41-60,High
15,24,17,5,0.39,4.27,18-25,Moderate
6,26,41,3,0.1,4.38,26-40,Moderate
28,31,10,5,0.32,-3.32,18-25,Moderate
9,28,46,3,0.44,8.65,26-40,Moderate
5,17,45,1,0.64,-4.26,41-60,Moderate
6,32,28,5,0.02,1.63,41-60,Low
18,42,13,2,0.65,4.54,26-40,Moderate
34,37,15,1,0.23,-4.73,26-40,Moderate
15,33,14,1,0.67,-3.63,26-40,Moderate
4,46,40,4,0.25,0.13,26-40,Low
26,44,35,1,0.42,2.3,26-40,Moderate
17,42,34,5,0.59,2.49,41-60,Moderate
38,41,27,1,0.54,4.31,41-60,Moderate
34,39,21,3,0.18,-1.26,18-25,Moderate
3,34,41,4,0.41,-5.88,18-25,Low
37,10,12,5,0.91,6.77,41-60,Moderate
13,50,44,2,0.73,-7.37,26-40,Moderate
12,25,27,5,0.01,-3.94,26-40,Moderate
40,16,24,4,0.3,-0.09,18-25,Moderate
1,22,49,1,0.88,-1.81,18-25,Moderate
30,25,15,4,0.97,-6.13,26-40,Moderate
17,13,18,2,0.84,-9.36,41-60,Moderate
40,49,12,1,0.54,0.87,41-60,Moderate
21,13,15,2,0.46,0.99,41-60,Moderate
27,44,40,5,0.82,-5.8,41-60,Moderate
17,46,50,3,0.8,-1.17,26-40,Moderate
34,37,48,5,0.98,-2.02,41-60,Moderate
20,44,42,3,0.78,5.18,41-60,Moderate
0,38,33,1,0.81,-8.25,41-60,Moderate
15,47,20,3,0.43,3.59,26-40,Moderate
31,18,38,2,0.12,-7.72,26-40,High
37,42,16,4,0.97,-9.25,18-25,Moderate
16,45,12,1,0.11,2.57,41-60,Moderate
39,42,29,4,0.77,1.93,18-25,Moderate
14,15,42,3,0.51,1.71,41-60,Moderate
5,24,25,2,0.65,-5.81,26-40,Moderate
16,39,19,3,0.28,9.0,18-25,Moderate
6,35,24,3,0.83,8.28,41-60,Low
30,37,16,3,0.04,7.58,18-25,Moderate
28,33,48,4,0.9,-7.43,18-25,Moderate
28,39,38,2,0.94,-5.32,26-40,High
29,39,12,3,0.04,8.3,18-25,Moderate
8,50,22,5,0.21,3.77,41-60,Low
7,41,29,2,0.32,6.78,18-25,Moderate
7,38,40,1,0.69,8.27,41-60,Moderate
10,11,50,2,0.27,-5.81,18-25,Moderate
3,32,29,1,0.72,3.75,26-40,Moderate
28,26,35,1,0.4,-8.75,26-40,High
19,11,33,3,0.06,3.46,26-40,Moderate
12,45,44,4,0.68,5.44,18-25,Low
1,15,40,2,0.72,-5.88,26-40,Moderate
22,12,41,4,0.59,-0.91,41-60,Moderate
33,46,29,5,0.78,6.43,26-40,Moderate
10,27,38,1,0.79,-8.02,18-25,Moderate
17,33,47,2,0.53,-8.94,41-60,Moderate
0,35,24,3,0.45,-7.98,18-25,Low
30,44,10,4,0.14,-7.45,18-25,Moderate
24,41,21,5,0.77,-2.83,26-40,Moderate
7,13,14,1,0.33,7.2,26-40,Moderate
3,13,30,5,0.15,-9.8,26-40,Moderate
6,25,26,4,0.57,-1.29,26-40,Moderate
33,42,35,2,0.69,6.67,18-25,High
21,43,24,2,0.37,-0.28,26-40,Moderate
22,26,18,2,0.11,3.66,26-40,Moderate
32,40,15,2,0.23,-5.21,26-40,Moderate
12,25,38,2,0.53,8.11,26-40,Moderate
9,10,35,2,0.76,-2.28,26-40,Moderate
3,37,16,2,0.2,-0.1,26-40,Moderate
1,35,23,2,0.31,9.47,26-40,Moderate
16,31,13,3,0.74,-3.74,26-40,Moderate
18,25,34,2,0.99,3.58,26-40,Moderate
38,50,13,1,0.34,-7.84,41-60,Moderate
25,45,43,1,0.57,1.22,41-60,Moderate
4,31,14,3,0.4,9.28,18-25,Low
21,36,19,2,0.42,-1.94,41-60,Moderate
9,15,14,2,0.11,-3.89,41-60,Moderate
24,13,49,3,0.94,5.9,18-25,Moderate
34,19,43,4,0.13,3.56,18-25,Moderate
18,43,34,1,0.48,-2.47,26-40,Moderate
38,40,28,3,0.99,2.39,26-40,Moderate
27,27,35,3,0.3,2.76,26-40,Moderate
5,10,17,1,0.73,-9.19,26-40,Moderate
24,28,38,5,0.34,9.82,41-60,Moderate
6,26,19,4,0.14,3.9,26-40,Moderate
17,35,25,5,0.29,1.54,41-60,Moderate
10,41,15,3,0.41,8.74,41-60,Low
12,19,46,2,0.26,-7.46,18-25,Moderate
24,43,48,2,0.81,9.62,41-60,Moderate
15,46,38,4,0.73,-2.66,41-60,Moderate
25,28,21,5,0.73,7.43,26-40,Moderate
33,16,44,1,0.17,1.63,41-60,High
14,31,15,4,0.2,-0.96,18-25,Moderate
28,41,41,5,0.7,5.85,41-60,Moderate
3,31,27,3,0.71,3.55,18-25,Low
23,11,22,5,0.36,3.36,41-60,Moderate
2,44,32,4,0.8,4.32,26-40,Low
35,42,35,1,0.98,2.27,41-60,High
30,21,40,4,0.32,1.93,26-40,Moderate
11,29,46,1,0.7,-3.15,18-25,Moderate
13,20,16,5,0.59,0.41,26-40,Moderate
9,28,40,1,0.4,-9.47,18-25,Moderate
23,18,16,3,0.33,1.76,26-40,Moderate
10,21,22,4,0.51,9.39,41-60,Moderate
35,37,33,5,0.52,6.73,18-25,Moderate
34,49,11,2,0.83,5.77,26-40,Moderate
8,31,14,4,0.59,5.29,41-60,Low
18,25,40,3,0.51,-0.46,26-40,Moderate
17,35,22,2,0.61,-2.09,41-60,Moderate
22,12,34,3,0.17,-8.82,41-60,Moderate
38,34,33,1,0.44,-8.7,26-40,High
18,25,33,4,0.56,8.07,26-40,Moderate
5,14,23,5,0.43,5.72,41-60,Moderate
3,17,33,3,0.34,2.16,41-60,Moderate
25,36,25,2,0.97,5.06,41-60,Moderate
5,17,16,2,0.65,6.6,41-60,Moderate
8,19,26,4,0.83,-3.04,41-60,Moderate
40,38,15,3,0.16,6.25,26-40,Moderate
24,25,25,5,0.52,5.27,18-25,Moderate
37,50,37,1,0.62,-7.74,18-25,High
0,38,40,1,0.74,1.61,26-40,Moderate
29,43,20,3,0.5,-6.79,18-25,Moderate
17,22,33,3,0.07,6.59,26-40,Moderate
30,37,31,4,0.7,-4.17,26-40,Moderate
6,15,33,3,0.75,-6.49,26-40,Moderate
35,47,49,3,0.28,6.14,26-40,Moderate
4,35,23,5,0.21,-9.93,18-25,Low
17,32,47,3,0.45,9.61,41-60,Moderate
34,32,36,4,0.96,7.75,18-25,Moderate
7,25,50,3,0.38,-0.54,41-60,Moderate
31,35,15,3,0.78,-4.63,18-25,Moderate
4,22,41,1,0.03,4.26,26-40,Moderate
7,34,49,4,0.25,-1.0,26-40,Low
26,29,24,3,0.21,3.08,18-25,Moderate
24,42,23,1,0.79,3.47,41-60,Moderate
23,22,18,1,0.2,6.87,26-40,Moderate
15,17,38,5,0.9,-4.59,18-25,Moderate
13,39,48,3,0.61,9.28,18-25,Low
32,27,25,4,0.05,8.16,26-40,Moderate
28,39,35,1,0.78,-6.89,26-40,High
28,31,22,4,0.93,8.64,18-25,Moderate
12,36,46,5,0.02,8.69,26-40,Low
35,49,26,5,0.94,-6.28,41-60,Moderate
33,13,33,5,0.14,-9.55,26-40,Moderate
2,24,40,2,0.67,3.82,41-60,Moderate
5,38,26,5,0.36,9.36,18-25,Low
16,30,20,2,0.05,-7.03,26-40,Moderate
20,27,44,4,0.36,-6.74,26-40,Moderate
11,30,46,2,0.49,3.95,41-60,Moderate
26,13,30,5,0.64,8.19,18-25,Moderate
34,50,46,1,0.15,-6.47,18-25,High
13,13,29,2,0.88,1.72,18-25,Moderate
4,47,39,3,0.59,-3.29,41-60,Low
15,24,32,4,0.12,9.39,41-60,Moderate
28,30,24,2,0.68,-8.66,41-60,Moderate
3,36,32,5,0.66,-1.61,26-40,Low
8,16,13,5,0.31,-5.96,26-40,Moderate
27,25,50,4,0.2,-4.39,41-60,Moderate
20,15,27,4,0.34,-8.77,26-40,Moderate
25,27,28,3,0.89,-5.57,26-40,Moderate
16,32,43,1,0.8,0.76,41-60,Moderate
2,28,37,3,0.74,2.03,41-60,Moderate
10,46,10,1,0.37,-1.95,26-40,Moderate
25,40,35,2,0.88,-0.25,41-60,Moderate
21,24,50,1,0.15,-2.61,26-40,Moderate
22,10,11,2,0.9,-2.11,41-60,Moderate
37,21,35,3,0.51,2.88,18-25,Moderate
0,37,12,3,0.64,6.68,18-25,Low
31,38,34,4,0.26,-1.39,26-40,Moderate
21,38,42,5,0.29,6.18,41-60,Moderate
2,28,19,3,0.61,2.09,41-60,Moderate
23,22,41,5,0.55,1.07,18-25,Moderate
33,46,16,1,0.72,-5.73,41-60,Moderate
10,23,43,2,0.44,-0.42,18-25,Moderate
25,25,19,5,0.49,9.48,41-60,Moderate
18,17,23,2,0.01,-6.57,26-40,Moderate
22,32,27,3,0.95,-7.28,26-40,Moderate
3,11,12,2,0.59,-7.03,18-25,Moderate
18,46,32,4,1.0,9.74,41-60,Moderate
14,26,37,3,0.32,-8.26,26-40,Moderate
36,48,43,1,0.43,3.17,26-40,High
11,11,37,2,0.01,-2.48,18-25,Moderate
6,17,29,4,0.57,8.56,18-25,Moderate
9,31,47,1,0.65,4.96,18-25,Moderate
12,36,24,3,0.72,6.12,18-25,Low
33,44,28,1,0.03,-4.83,18-25,Moderate
24,45,26,5,0.7,4.53,41-60,Moderate
29,21,21,3,0.4,-5.71,26-40,Moderate
23,20,22,3,0.74,-4.96,41-60,Moderate
19,17,18,4,0.45,-7.58,18-25,Moderate
12,30,37,3,0.42,-1.36,41-60,Moderate
1,21,45,3,0.48,8.63,26-40,Moderate
18,11,46,1,0.17,9.16,41-60,Moderate
9,12,45,1,0.42,4.73,26-40,Moderate
29,30,39,4,0.25,-5.02,41-60,Moderate
21,30,10,5,0.13,-2.03,26-40,Moderate
16,30,40,3,0.56,-1.77,18-25,Moderate
5,25,35,5,0.23,5.46,18-25,Moderate
29,35,38,3,0.45,-9.68,18-25,Moderate
34,40,44,2,0.9,-8.84,18-25,High
37,41,29,2,0.5,-0.33,41-60,Moderate
28,38,28,4,0.26,-0.38,41-60,Moderate
7,33,29,5,0.52,-6.89,26-40,Low
15,16,25,3,0.04,2.41,41-60,Moderate
32,29,45,3,0.24,2.55,18-25,Moderate
5,33,49,2,0.42,-2.29,41-60,Moderate
5,33,42,5,0.34,-1.79,41-60,Low
26,47,27,5,0.04,0.06,41-60,Moderate
39,39,50,4,0.3,1.2,26-40,Moderate
24,11,45,2,0.19,0.24,26-40,Moderate
31,30,19,5,0.53,-0.07,26-40,Moderate
16,18,33,4,0.44,9.89,18-25,Moderate
36,28,37,1,0.45,-5.22,18-25,High
25,49,20,5,0.42,1.31,41-60,Moderate
28,32,27,3,0.72,-5.51,41-60,Moderate
4,48,20,2,0.11,-8.1,18-25,Moderate
30,40,22,1,0.93,8.77,41-60,Moderate
32,24,25,4,0.69,4.5,18-25,Moderate
24,24,13,4,0.4,-6.51,41-60,Moderate
31,48,18,1,0.05,8.84,26-40,Moderate
20,21,11,5,0.34,-9.59,41-60,Moderate
13,39,38,4,0.55,9.73,18-25,Low
1,49,23,2,0.02,6.61,18-25,Moderate
16,34,41,4,0.44,1.42,26-40,Moderate
24,40,46,1,0.83,-6.85,18-25,Moderate
22,23,15,1,0.12,9.6,18-25,Moderate
11,22,45,2,0.11,-5.88,18-25,Moderate
39,17,17,1,0.31,-0.75,26-40,Moderate
34,31,32,5,0.86,5.63,41-60,Moderate
30,22,37,2,0.58,-4.51,41-60,High
28,32,33,2,0.56,-3.22,26-40,High
3,43,31,5,0.21,-3.18,18-25,Low
14,40,18,3,0.01,1.14,18-25,Moderate
20,18,47,3,0.55,3.57,18-25,Moderate
14,10,39,5,0.43,1.09,26-40,Moderate
35,31,22,4,0.26,5.19,26-40,Moderate
15,19,20,4,0.7,-2.48,18-25,Moderate
31,26,44,1,0.64,3.6,41-60,High
3,32,37,4,0.95,5.82,26-40,Low
39,22,41,5,0.04,-4.98,41-60,Moderate
14,43,15,1,0.53,-1.95,18-25,Moderate
8,14,32,1,0.29,-2.66,18-25,Moderate
18,42,10,5,0.09,5.41,18-25,Moderate
5,42,39,3,0.66,-4.55,26-40,Low
27,32,13,4,0.1,7.45,41-60,Moderate
33,13,47,5,0.04,-4.37,41-60,Moderate
25,28,18,5,0.45,4.39,26-40,Moderate
15,26,31,5,0.63,9.69,26-40,Moderate
29,17,30,2,0.26,-0.88,41-60,Moderate
2,35,30,4,0.95,0.33,18-25,Low
9,23,49,1,0.36,8.83,18-25,Moderate
22,32,44,5,0.81,4.84,18-25,Moderate
15,25,49,2,0.28,8.61,18-25,Moderate
8,43,26,3,0.51,-7.86,26-40,Low
23,16,43,4,0.76,4.45,26-40,Moderate
12,32,47,5,0.33,5.1,41-60,Low
4,22,14,4,0.23,2.24,41-60,Moderate
17,30,19,5,0.87,-4.22,26-40,Moderate
22,31,13,2,0.58,5.84,26-40,Moderate
34,48,32,2,0.93,5.99,18-25,High
5,14,38,4,0.54,-0.78,41-60,Moderate
0,36,33,4,0.99,8.76,18-25,Low
1,39,39,1,0.88,9.22,18-25,Moderate
37,22,20,2,0.58,3.79,41-60,Moderate
19,26,26,4,0.75,0.42,41-60,Moderate
9,37,42,3,0.66,-3.54,18-25,Low
28,36,27,4,0.53,1.92,18-25,Moderate
9,30,33,3,0.42,0.16,41-60,Moderate
36,11,11,1,0.19,2.69,41-60,Moderate
19,42,13,5,0.31,3.12,41-60,Moderate
4,34,46,2,0.91,2.76,41-60,Moderate
18,23,49,1,0.96,6.41,26-40,Moderate
16,17,10,5,0.29,-4.58,41-60,Moderate
4,33,37,3,0.62,2.03,18-25,Low
36,35,24,3,0.93,-9.83,18-25,Moderate
2,10,18,1,0.11,3.52,18-25,Moderate
33,18,22,5,0.31,9.68,18-25,Moderate
3,45,19,4,0.48,-5.88,18-25,Low
11,12,42,2,0.95,-1.14,18-25,Moderate
13,23,12,1,0.08,0.02,41-60,Moderate
21,28,44,4,0.24,1.1,18-25,Moderate
32,22,44,3,0.02,-3.41,41-60,Moderate
23,44,28,5,0.63,0.65,26-40,Moderate
3,42,22,4,0.9,8.55,26-40,Low
11,20,15,4,0.26,-7.59,41-60,Moderate
2,12,29,4,0.22,-8.89,18-25,Moderate
23,49,15,4,0.1,-0.08,41-60,Moderate
20,22,31,3,0.51,-7.22,26-40,Moderate
17,40,46,5,0.53,6.65,18-25,Moderate
22,40,38,3,0.76,-2.86,26-40,Moderate
26,34,49,4,0.45,0.14,41-60,Moderate
2,19,24,1,0.04,-4.07,26-40,Moderate
4,14,23,2,0.31,0.44,41-60,Moderate
15,23,46,1,0.98,2.89,26-40,Moderate
16,45,15,5,0.51,6.51,41-60,Moderate
9,50,45,5,0.61,6.41,26-40,Low
35,22,27,1,0.57,8.97,26-40,Moderate
4,15,47,3,0.94,-8.03,41-60,Moderate
35,42,40,5,0.85,0.1,41-60,Moderate
36,41,35,2,0.73,-6.71,41-60,High
3,46,47,3,0.56,8.08,41-60,Low
23,26,17,3,0.36,-5.0,26-40,Moderate
26,31,25,2,0.99,-0.75,26-40,Moderate
16,25,15,3,0.21,-3.25,26-40,Moderate
39,24,42,3,0.53,-7.24,26-40,Moderate
36,14,38,4,0.98,-3.79,18-25,Moderate
3,38,34,1,0.76,-8.83,26-40,Moderate
26,45,41,1,0.32,-2.08,26-40,Moderate
10,35,49,1,0.3,4.11,26-40,Moderate
8,31,17,2,0.69,0.4,26-40,Moderate
18,34,47,5,0.19,-4.3,26-40,Moderate
18,11,23,5,0.79,1.63,18-25,Moderate
38,49,49,5,0.78,-0.14,18-25,Moderate
11,36,27,5,0.3,-9.76,26-40,Low
26,18,48,1,0.61,-9.06,18-25,Moderate
6,17,25,3,0.66,-3.22,18-25,Moderate
20,46,40,1,0.73,-2.44,41-60,Moderate
26,13,33,3,0.69,-4.12,18-25,Moderate
27,26,40,2,0.01,-8.08,26-40,High
20,45,32,4,0.16,3.42,41-60,Moderate
6,38,38,5,0.6,-4.71,41-60,Low
37,15,16,5,0.21,2.32,18-25,Moderate
31,22,39,1,0.78,-4.29,41-60,High
27,29,43,5,0.82,-6.22,18-25,Moderate
10,26,31,5,0.7,-6.71,18-25,Moderate
5,43,23,4,0.01,2.03,41-60,Low
31,35,23,4,0.79,7.75,18-25,Moderate
21,31,25,3,0.35,-8.55,18-25,Moderate
9,34,40,5,0.3,9.8,18-25,Low
25,30,45,1,0.45,-0.85,18-25,Moderate
8,39,13,5,0.51,-2.8,26-40,Low
21,46,17,1,0.21,8.36,26-40,Moderate
15,14,25,3,0.08,-2.53,18-25,Moderate
2,33,37,2,0.01,5.06,26-40,Moderate
22,26,16,4,0.1,-2.73,41-60,Moderate
19,33,14,5,0.18,2.94,18-25,Moderate
4,48,47,2,0.07,-0.71,18-25,Moderate
39,46,27,4,0.55,9.0,41-60,Moderate
14,16,23,2,0.04,1.75,18-25,Moderate
30,22,27,1,0.62,-6.22,41-60,Moderate
9,38,43,1,0.22,-4.92,41-60,Moderate
12,48,36,5,0.36,-0.71,26-40,Low
27,11,46,1,0.95,-8.43,26-40,High
28,44,20,1,0.44,2.68,41-60,Moderate
8,48,12,5,0.19,-3.08,41-60,Low
27,27,14,2,0.47,9.09,18-25,Moderate
0,12,36,2,0.31,8.65,26-40,Moderate
4,38,42,2,0.28,0.14,41-60,Moderate
20,24,29,1,0.69,0.68,18-25,Moderate
26,35,42,2,0.89,-0.08,26-40,Moderate
14,10,20,2,0.21,3.75,18-25,Moderate
21,27,26,2,0.16,9.06,18-25,Moderate
15,15,12,1,0.01,-6.93,26-40,Moderate
23,36,13,5,0.51,-7.44,18-25,Moderate
17,26,47,5,0.15,8.3,18-25,Moderate
20,19,22,4,0.02,5.45,41-60,Moderate
33,48,50,5,0.83,-9.55,18-25,Moderate
38,17,33,5,0.9,-7.91,18-25,Moderate
0,43,26,5,0.69,8.77,18-25,Low
23,48,30,3,0.39,4.83,41-60,Moderate
2,41,44,3,0.6,7.44,41-60,Low
3,49,28,5,0.69,-4.1,18-25,Low
22,19,12,5,0.94,-9.63,18-25,Moderate
18,49,44,1,0.67,-8.13,18-25,Moderate
22,15,11,5,0.42,6.66,41-60,Moderate
28,16,38,5,0.53,0.23,26-40,Moderate
11,19,24,5,0.92,-2.53,41-60,Moderate
38,12,11,5,0.4,7.41,18-25,Moderate
2,50,33,1,0.74,-9.05,18-25,Moderate
26,42,31,5,0.58,0.3,26-40,Moderate
18,22,35,5,0.42,-7.18,41-60,Moderate
29,36,16,4,0.33,0.17,26-40,Moderate
16,13,23,4,0.02,9.25,41-60,Moderate
25,27,41,3,0.01,-4.5,41-60,Moderate
34,23,12,5,0.32,5.34,18-25,Moderate
25,12,49,4,0.74,0.64,41-60,Moderate
39,42,16,5,0.51,3.44,26-40,Moderate
26,23,31,4,0.45,-2.95,41-60,Moderate
17,31,18,1,0.26,-5.47,26-40,Moderate
12,46,15,5,0.73,-8.53,41-60,Low
24,20,23,5,0.46,4.28,18-25,Moderate
4,17,14,2,0.34,1.09,18-25,Moderate
25,15,25,4,0.46,-4.63,26-40,Moderate
36,15,28,2,0.73,0.2,18-25,Moderate
8,12,17,4,0.46,0.35,18-25,Moderate
15,23,22,1,0.93,-3.1,41-60,Moderate
3,11,44,2,0.77,-5.57,41-60,Moderate
11,28,19,1,0.07,2.8,41-60,Moderate
8,18,21,1,0.73,-2.89,18-25,Moderate
7,41,15,5,0.99,-6.39,26-40,Low
33,28,16,2,0.54,9.9,26-40,Moderate
35,26,46,4,0.04,-1.37,26-40,Moderate
27,29,50,4,0.65,-9.34,41-60,Moderate
0,26,18,4,0.52,-9.7,26-40,Moderate
8,39,29,4,0.93,2.91,26-40,Low
34,45,10,1,0.2,-7.38,41-60,Moderate
13,34,13,1,0.79,4.78,26-40,Moderate
12,13,45,2,0.25,5.55,26-40,Moderate
36,32,16,4,0.02,0.03,26-40,Moderate
35,24,41,5,0.75,3.57,41-60,Moderate
15,28,38,4,0.88,1.5,18-25,Moderate
15,10,11,4,0.16,9.91,18-25,Moderate
35,22,10,1,0.73,6.22,18-25,Moderate
14,21,10,5,0.85,-2.65,41-60,Moderate
27,16,18,2,0.06,1.48,18-25,Moderate
14,47,30,2,0.56,-3.36,41-60,Moderate
5,46,46,1,0.52,8.67,18-25,Moderate
25,48,50,5,0.43,-6.05,18-25,Moderate
12,22,49,3,0.29,0.34,18-25,Moderate
18,47,41,2,0.26,-0.07,26-40,Moderate
27,20,42,2,0.57,6.45,18-25,High
37,31,14,3,0.67,7.83,18-25,Moderate
38,32,21,2,0.8,4.97,18-25,Moderate
15,22,38,1,0.22,7.24,18-25,Moderate
35,18,23,3,0.41,8.6,41-60,Moderate
31,47,12,2,0.91,2.61,41-60,Moderate
19,41,32,1,0.13,5.08,41-60,Moderate
29,43,23,4,0.21,-9.41,41-60,Moderate
31,22,30,1,0.6,2.28,41-60,Moderate
26,44,25,4,0.65,3.74,26-40,Moderate
30,45,42,1,0.98,7.96,18-25,High
22,24,35,1,0.68,7.49,18-25,Moderate
13,26,21,5,0.08,6.74,18-25,Moderate
12,29,24,5,0.13,8.27,26-40,Moderate
1,39,35,3,0.39,-4.97,26-40,Low
27,29,20,2,0.72,6.03,41-60,Moderate
40,28,27,1,0.77,7.15,26-40,Moderate
23,47,37,4,0.74,1.99,26-40,Moderate
1,14,20,2,0.98,9.14,41-60,Moderate
38,50,46,4,0.47,-2.2,18-25,Moderate
21,40,32,3,0.35,2.07,26-40,Moderate
27,48,26,3,0.61,-5.6,41-60,Moderate
38,44,39,1,0.47,6.37,41-60,High
16,26,23,1,0.95,-2.05,41-60,Moderate
39,48,41,4,0.18,8.29,18-25,Moderate
26,28,40,1,0.94,-2.63,18-25,Moderate
3,20,31,4,0.6,-0.2,26-40,Moderate
33,20,40,3,0.42,1.2,41-60,Moderate
20,39,19,2,0.75,8.73,18-25,Moderate
7,43,25,1,0.28,1.59,18-25,Moderate
21,41,36,2,0.9,3.18,18-25,Moderate
27,28,14,1,0.77,7.34,26-40,Moderate
37,26,10,3,0.3,2.46,18-25,Moderate
7,44,48,4,0.64,7.85,26-40,Low
12,29,14,5,0.51,-7.26,18-25,Moderate
33,28,26,5,0.26,-9.25,41-60,Moderate
7,36,24,5,0.65,3.62,18-25,Low
12,29,11,3,0.89,8.73,41-60,Moderate
36,15,23,4,0.98,-4.52,18-25,Moderate
35,43,36,3,0.26,8.18,18-25,Moderate
15,34,24,1,0.42,5.15,18-25,Moderate
16,25,49,4,0.35,-0.26,41-60,Moderate
26,42,19,1,0.3,-4.62,18-25,Moderate
17,32,43,5,0.41,-5.77,41-60,Moderate
19,31,32,1,0.68,2.67,26-40,Moderate
16,28,39,3,0.63,-4.95,18-25,Moderate
17,15,41,5,0.75,-9.59,41-60,Moderate
32,25,48,3,0.07,6.42,41-60,Moderate
1,23,47,1,0.68,9.87,41-60,Moderate
40,45,50,4,0.49,2.5,41-60,Moderate
23,29,40,2,0.29,8.3,18-25,Moderate
4,22,38,4,0.78,5.68,18-25,Moderate
26,34,13,5,0.89,-5.2,26-40,Moderate
37,33,17,4,0.42,-5.42,18-25,Moderate
15,44,26,1,0.83,1.07,41-60,Moderate
38,27,21,3,0.39,8.31,41-60,Moderate
14,10,11,1,0.52,-7.2,41-60,Moderate
8,22,15,3,0.06,5.25,18-25,Moderate
10,49,47,2,0.68,-0.59,18-25,Moderate
16,16,49,4,0.15,-8.07,41-60,Moderate
30,34,50,5,0.63,-3.98,18-25,Moderate
35,17,30,3,0.74,9.72,18-25,Moderate
26,28,32,3,0.72,1.96,41-60,Moderate
39,14,50,3,0.64,4.57,41-60,Moderate
20,32,47,2,0.89,9.53,18-25,Moderate
28,47,46,4,0.54,-8.18,41-60,Moderate
22,12,46,5,0.26,-9.63,41-60,Moderate
28,11,50,1,0.79,-6.13,41-60,High
19,30,46,3,0.65,-0.97,26-40,Moderate
18,27,10,1,0.27,0.92,26-40,Moderate
28,40,45,3,0.27,9.34,41-60,Moderate
19,19,46,3,0.98,-9.6,18-25,Moderate
20,42,33,5,0.79,8.45,26-40,Moderate
8,11,39,3,0.21,-4.58,18-25,Moderate
12,16,25,1,0.71,8.52,18-25,Moderate
19,44,46,1,0.05,-2.79,26-40,Moderate
29,37,36,2,0.78,4.38,26-40,High
40,36,37,2,0.58,-9.03,18-25,High
20,10,37,2,1.0,-0.88,41-60,Moderate
25,29,34,5,0.99,4.26,41-60,Moderate
5,32,39,3,0.66,7.66,18-25,Low
11,11,44,4,0.54,-6.91,18-25,Moderate
37,16,24,3,0.82,-7.44,18-25,Moderate
5,11,23,1,0.91,-5.29,41-60,Moderate
12,35,21,2,0.28,9.07,26-40,Moderate
39,33,43,4,0.08,5.8,26-40,Moderate
12,23,23,1,0.79,9.48,18-25,Moderate
25,35,10,1,0.49,7.45,18-25,Moderate
29,22,33,2,0.04,-7.06,18-25,High
24,23,15,4,0.35,7.18,41-60,Moderate
37,39,50,1,0.7,8.1,26-40,High
33,25,33,2,0.01,-0.16,18-25,High
3,10,29,3,0.77,-0.59,41-60,Moderate
24,12,14,2,0.77,-6.87,41-60,Moderate
6,39,39,3,0.96,7.35,41-60,Low
32,23,47,2,0.82,-2.67,18-25,High
37,25,30,4,0.97,1.1,41-60,Moderate
14,12,44,2,0.51,6.28,18-25,Moderate
11,11,26,3,0.71,-4.92,41-60,Moderate
40,30,24,3,0.83,-7.15,18-25,Moderate
20,41,14,1,0.81,-0.59,26-40,Moderate
33,19,50,1,0.65,0.05,18-25,High
31,42,47,4,0.61,-2.01,18-25,Moderate
33,20,40,2,0.27,1.81,26-40,High
17,49,50,4,0.95,-8.55,26-40,Moderate
3,33,45,4,0.55,-2.34,26-40,Low
22,24,45,3,0.54,-4.51,41-60,Moderate
34,45,19,5,0.78,6.81,26-40,Moderate
38,13,14,4,0.15,-8.34,41-60,Moderate
24,23,20,5,0.91,-2.74,41-60,Moderate
23,48,35,3,0.14,6.46,26-40,Moderate
37,41,15,2,0.15,-4.7,18-25,Moderate
6,36,34,1,0.05,-9.98,41-60,Moderate
11,32,48,1,0.33,-4.21,18-25,Moderate
12,38,47,1,0.17,-1.51,41-60,Moderate
36,23,46,1,0.02,0.4,26-40,High
2,49,42,3,0.52,1.44,18-25,Low
18,35,26,4,0.5,9.17,26-40,Moderate
18,42,16,5,0.41,-8.35,41-60,Moderate
7,21,22,2,0.14,-9.49,18-25,Moderate
19,25,46,3,0.61,-6.67,18-25,Moderate
33,31,49,3,0.79,-5.7,41-60,Moderate
40,32,18,5,0.45,0.26,41-60,Moderate
15,34,35,1,0.33,-1.15,18-25,Moderate
38,42,10,5,0.62,0.88,41-60,Moderate
27,35,37,3,0.87,-1.35,26-40,Moderate
29,27,44,3,0.45,4.28,18-25,Moderate
29,30,47,5,0.57,7.07,18-25,Moderate
17,38,47,4,0.34,-9.94,26-40,Moderate
17,46,47,4,0.61,4.76,26-40,Moderate
19,18,10,2,0.41,9.06,26-40,Moderate
22,18,28,5,0.38,0.87,18-25,Moderate
18,32,36,3,0.75,0.2,18-25,Moderate
26,43,42,4,0.57,-3.31,41-60,Moderate
39,44,40,2,0.94,0.42,41-60,High
40,18,18,5,0.93,1.81,18-25,Moderate
1,35,23,3,0.3,-2.91,26-40,Low
20,37,15,4,0.18,-2.42,41-60,Moderate
7,18,11,1,0.68,-0.46,18-25,Moderate
16,47,44,4,0.88,-0.36,41-60,Moderate
3,46,44,2,0.25,7.19,41-60,Moderate
21,37,39,4,0.68,-8.87,18-25,Moderate
7,18,10,5,0.33,8.47,18-25,Moderate
30,23,23,5,0.89,-4.87,18-25,Moderate
8,46,46,3,0.8,-2.06,18-25,Low
27,45,27,1,0.5,-9.87,18-25,Moderate
25,17,33,4,0.96,3.07,41-60,Moderate
21,31,21,2,0.58,2.35,41-60,Moderate
14,46,25,5,0.68,6.95,26-40,Moderate
40,36,40,1,0.76,-6.64,26-40,High
28,10,17,1,0.95,-5.71,26-40,Moderate
17,31,50,4,0.85,9.85,26-40,Moderate
4,43,48,3,0.32,7.89,18-25,Low
36,24,33,2,0.73,6.65,18-25,High
9,26,23,2,0.71,-1.55,41-60,Moderate
6,19,18,1,0.22,-5.91,26-40,Moderate
19,16,49,4,0.88,2.28,41-60,Moderate
38,49,16,1,0.01,-2.94,41-60,Moderate
39,31,26,2,0.46,-8.58,26-40,Moderate
17,33,11,2,0.22,6.22,41-60,Moderate
11,41,37,4,0.13,-7.34,26-40,Low
35,12,10,1,0.98,-8.08,26-40,Moderate
4,28,48,2,0.73,-8.12,26-40,Moderate
38,36,50,2,0.76,9.45,18-25,High
13,23,23,1,0.2,-9.78,41-60,Moderate
31,27,23,2,0.23,0.18,26-40,Moderate
9,19,33,2,0.17,4.63,26-40,Moderate
0,42,13,1,0.03,2.08,18-25,Moderate
22,34,22,3,0.15,-0.16,26-40,Moderate
12,36,29,1,0.23,0.53,41-60,Moderate
28,49,28,4,0.83,-6.51,26-40,Moderate
20,31,19,2,0.72,-4.3,18-25,Moderate
16,39,35,5,0.28,-0.03,26-40,Moderate
20,26,49,5,0.41,4.1,26-40,Moderate
18,16,26,1,0.12,8.97,26-40,Moderate
1,41,14,5,0.0,7.77,41-60,Low
5,24,24,5,0.75,5.88,18-25,Moderate
30,43,38,3,0.32,-2.79,26-40,Moderate
21,18,29,3,0.72,-3.11,26-40,Moderate
8,14,49,3,0.67,-6.08,26-40,Moderate
38,14,31,2,0.41,0.51,26-40,High
10,19,48,2,0.06,-6.68,26-40,Moderate
15,47,12,2,0.78,-3.58,26-40,Moderate
24,44,44,5,0.71,1.55,26-40,Moderate
34,40,17,4,0.67,-7.31,26-40,Moderate
3,29,18,2,0.51,-9.49,18-25,Moderate
40,47,28,5,0.06,9.23,26-40,Moderate
15,23,18,5,0.77,-9.23,18-25,Moderate
39,10,41,2,0.52,1.0,18-25,High
21,29,25,2,0.68,9.58,18-25,Moderate
30,50,23,5,0.1,-1.01,41-60,Moderate
28,20,14,1,0.76,0.22,18-25,Moderate
18,31,43,1,0.12,3.46,41-60,Moderate
9,37,27,3,0.21,2.92,18-25,Low
15,27,25,1,0.99,4.89,41-60,Moderate
4,30,12,3,0.83,-1.9,41-60,Moderate
13,13,27,5,0.56,-1.9,41-60,Moderate
19,33,44,4,0.76,2.9,41-60,Moderate
32,11,22,2,0.86,-8.16,41-60,Moderate
29,33,42,1,0.07,-5.68,41-60,High
18,16,28,1,0.54,5.84,26-40,Moderate
3,47,13,5,0.16,2.95,26-40,Low
36,20,20,5,0.65,-5.95,18-25,Moderate
17,27,19,4,0.61,-4.5,41-60,Moderate
15,11,39,2,0.01,-0.38,41-60,Moderate
19,44,32,2,0.81,-5.4,18-25,Moderate
35,29,12,3,0.42,9.39,41-60,Moderate
1,30,15,4,0.86,-0.39,41-60,Moderate
8,20,32,2,0.91,8.98,41-60,Moderate
10,44,24,3,1.0,-6.57,18-25,Low
27,41,34,4,0.08,7.5,41-60,Moderate
27,10,14,2,0.41,6.62,41-60,Moderate
1,27,22,3,0.74,7.94,41-60,Moderate
10,39,41,2,0.91,-8.15,26-40,Moderate
27,19,31,1,0.95,-5.07,18-25,High
23,45,41,2,0.45,8.75,18-25,Moderate
35,37,23,2,0.25,5.18,41-60,Moderate
20,21,39,4,0.13,1.43,26-40,Moderate
24,14,15,5,0.07,3.78,41-60,Moderate
14,45,50,3,0.7,-4.86,18-25,Moderate
5,28,37,1,0.59,-3.7,41-60,Moderate
30,20,24,2,0.64,7.54,41-60,Moderate
2,27,34,3,0.51,3.51,26-40,Moderate
14,48,19,5,0.92,3.41,41-60,Moderate
31,19,22,2,0.05,3.32,41-60,Moderate
2,30,11,4,0.15,-0.62,18-25,Moderate
5,16,28,4,0.27,-9.95,18-25,Moderate
25,21,31,5,0.95,2.17,18-25,Moderate
19,36,47,3,0.89,-4.82,26-40,Moderate
40,43,48,1,0.31,-0.19,18-25,High
14,41,17,1,0.02,-7.33,41-60,Moderate
32,14,27,2,0.35,1.99,18-25,Moderate
22,49,14,2,0.72,5.1,26-40,Moderate
16,37,47,5,0.81,-9.33,18-25,Moderate
24,30,47,2,0.53,-4.65,41-60,Moderate
3,28,11,2,0.44,5.9,18-25,Moderate
33,45,28,1,0.74,-5.66,26-40,Moderate
34,22,24,1,0.38,-1.2,41-60,Moderate
39,12,43,3,0.45,2.93,26-40,Moderate
6,50,21,5,0.47,-5.77,41-60,Low
14,33,17,5,0.73,9.79,26-40,Moderate
13,25,29,1,0.97,-3.63,26-40,Moderate
28,12,20,3,0.02,7.96,41-60,Moderate
15,19,42,4,0.95,-1.53,26-40,Moderate
12,33,41,5,0.44,4.92,26-40,Low
11,30,30,3,0.72,6.71,26-40,Moderate
0,21,23,1,0.78,-4.24,41-60,Moderate
2,15,15,4,0.45,-4.88,18-25,Moderate
25,41,19,2,0.12,-7.67,26-40,Moderate
29,23,46,1,0.47,-3.06,41-60,High
21,40,16,1,0.02,2.19,41-60,Moderate
18,41,24,5,0.94,-6.41,41-60,Moderate
3,45,32,4,0.01,-0.03,41-60,Low
37,31,23,1,0.21,-0.28,18-25,Moderate
14,10,33,4,0.69,8.81,41-60,Moderate
30,20,25,5,0.17,-3.49,26-40,Moderate
30,18,45,5,0.57,-2.35,18-25,Moderate
23,17,28,2,0.28,2.8,18-25,Moderate
3,46,17,1,0.19,1.38,18-25,Moderate
10,14,33,2,0.23,-2.21,26-40,Moderate
29,10,31,2,0.9,8.31,18-25,High
26,34,38,4,0.38,-7.17,18-25,Moderate
19,27,43,5,0.83,-4.12,26-40,Moderate
16,30,49,3,0.07,-1.97,18-25,Moderate
25,32,15,4,0.41,-1.53,26-40,Moderate
7,28,47,5,0.64,-2.12,41-60,Moderate
26,10,48,5,0.63,-6.27,18-25,Moderate
36,40,20,2,0.67,-9.61,18-25,Moderate
4,18,37,3,0.67,-5.44,18-25,Moderate
37,30,36,1,0.97,9.66,41-60,High
16,48,16,5,0.02,-2.46,41-60,Moderate
7,14,39,3,0.82,0.92,26-40,Moderate
29,24,45,4,0.67,-5.91,41-60,Moderate
29,48,22,2,0.76,3.29,26-40,Moderate
26,44,24,4,0.82,5.23,41-60,Moderate
19,41,47,5,0.88,-6.01,41-60,Moderate
38,29,27,2,0.44,4.14,18-25,Moderate
21,30,11,5,0.73,-9.15,41-60,Moderate
40,18,16,1,0.41,-3.05,26-40,Moderate
13,41,45,2,0.72,2.9,26-40,Moderate
13,29,34,2,0.95,9.75,41-60,Moderate
20,32,41,5,0.46,9.03,18-25,Moderate
39,50,27,3,0.6,-0.9,41-60,Moderate
26,26,49,2,0.86,-9.74,26-40,Moderate
36,50,50,2,0.31,-1.15,26-40,High
2,26,23,3,0.26,3.78,41-60,Moderate
3,42,26,4,0.57,-3.75,26-40,Low
17,40,36,2,0.85,0.2,26-40,Moderate
15,21,20,4,0.49,-7.69,26-40,Moderate
11,39,18,5,0.6,4.49,41-60,Low
3,24,36,4,0.13,-7.79,26-40,Moderate
30,48,17,2,0.77,-1.42,18-25,Moderate
21,12,24,3,0.73,-1.61,18-25,Moderate
0,35,17,2,0.58,-8.7,41-60,Moderate
36,35,37,4,0.27,-6.18,18-25,Moderate
34,38,21,4,0.87,-2.33,26-40,Moderate
16,19,27,3,0.72,-3.0,41-60,Moderate
35,34,45,2,0.01,-6.6,18-25,High
30,31,32,4,0.13,4.66,26-40,Moderate
22,29,49,1,0.97,-1.51,26-40,Moderate
40,15,36,4,0.85,2.59,18-25,Moderate
38,18,16,1,0.4,-7.61,41-60,Moderate
3,47,33,1,0.68,-8.24,18-25,Moderate
26,16,18,3,0.59,-4.18,26-40,Moderate
2,24,30,2,0.26,-1.07,18-25,Moderate
5,11,38,1,0.59,3.68,18-25,Moderate
28,46,29,1,0.98,-0.71,18-25,Moderate
24,10,24,2,0.33,8.01,41-60,Moderate
26,31,14,2,0.96,2.66,41-60,Moderate
23,33,12,5,0.42,5.16,41-60,Moderate
14,38,38,2,0.62,-9.5,26-40,Moderate
36,49,23,4,0.36,-5.39,26-40,Moderate
33,22,40,1,0.24,-8.38,18-25,High
24,41,18,4,0.67,-9.36,26-40,Moderate
22,22,19,3,0.06,-5.69,26-40,Moderate
40,24,22,2,0.18,2.2,18-25,Moderate
6,37,47,5,0.83,2.07,26-40,Low
27,24,20,4,0.4,-3.13,18-25,Moderate
9,39,29,5,0.72,3.79,26-40,Low
20,19,50,4,0.97,-0.21,18-25,Moderate
17,23,31,5,0.31,7.69,18-25,Moderate
14,45,31,2,0.88,-6.79,18-25,Moderate
40,48,32,3,0.0,8.62,41-60,Moderate
28,12,48,4,0.8,8.72,41-60,Moderate
35,32,25,2,0.71,-2.64,18-25,Moderate
39,24,26,4,0.1,-7.61,41-60,Moderate
33,41,13,4,0.51,1.88,18-25,Moderate
23,35,34,4,0.1,-8.54,26-40,Moderate
11,10,34,5,0.95,0.96,41-60,Moderate
38,48,18,5,0.46,5.22,18-25,Moderate
8,24,46,2,0.34,-0.19,26-40,Moderate
31,30,50,3,0.12,-8.31,26-40,Moderate
5,13,38,2,0.0,-0.09,18-25,Moderate
14,30,40,1,0.09,-4.27,18-25,Moderate
2,39,44,2,0.65,8.35,18-25,Moderate
13,44,37,2,0.25,7.89,41-60,Moderate
30,14,44,2,0.66,-1.72,26-40,High
35,36,33,5,0.96,-3.58,18-25,Moderate
14,14,13,3,0.51,-7.39,18-25,Moderate
14,15,25,1,0.95,6.11,26-40,Moderate
12,45,36,1,0.35,-6.66,41-60,Moderate
2,39,30,3,0.9,-5.22,41-60,Low
36,34,41,3,0.22,8.58,26-40,Moderate
29,41,40,1,0.27,-8.7,26-40,High
30,48,22,2,0.76,-0.29,18-25,Moderate
35,37,25,2,0.28,-8.45,41-60,Moderate
10,15,10,5,0.86,3.89,41-60,Moderate
27,26,10,3,0.89,-9.52,18-25,Moderate
38,48,19,4,0.68,-4.28,26-40,Moderate
9,28,24,2,0.76,-1.41,41-60,Moderate
28,40,26,2,0.46,6.28,18-25,Moderate
30,30,50,5,0.04,-3.89,18-25,Moderate
35,26,12,5,0.03,7.68,26-40,Moderate
26,10,26,2,0.42,-6.55,26-40,Moderate
16,12,43,1,0.08,7.74,41-60,Moderate
30,18,39,4,0.28,6.26,41-60,Moderate
37,34,18,4,0.73,-6.54,41-60,Moderate
36,21,33,2,0.89,-9.1,18-25,High
28,40,28,4,0.18,9.4,41-60,Moderate
20,44,16,2,0.35,-7.03,18-25,Moderate
33,22,13,2,0.07,-4.88,26-40,Moderate
33,45,44,1,0.54,1.22,26-40,High
10,22,42,1,0.08,3.91,18-25,Moderate
28,46,13,4,0.12,7.29,41-60,Moderate
2,29,19,4,0.57,-1.79,41-60,Moderate
26,40,36,2,0.26,-7.4,41-60,Moderate
38,29,30,5,0.9,6.1,18-25,Moderate
12,27,38,1,0.71,-4.15,26-40,Moderate
26,28,10,3,0.99,-9.23,41-60,Moderate
20,31,24,2,0.06,7.74,18-25,Moderate
3,41,13,5,0.22,-2.01,41-60,Low
0,25,27,2,0.51,3.89,26-40,Moderate
7,48,34,3,0.26,-8.96,18-25,Low
14,26,14,2,0.24,-5.58,41-60,Moderate
7,19,14,4,0.55,7.16,41-60,Moderate
22,22,18,1,0.71,4.56,18-25,Moderate
36,33,42,4,0.58,-1.4,18-25,Moderate
8,26,45,3,0.18,-0.6,26-40,Moderate
31,20,11,2,1.0,5.6,26-40,Moderate
27,39,49,5,0.99,-7.7,26-40,Moderate
18,36,38,4,0.7,9.34,41-60,Moderate
22,48,17,2,0.22,-3.14,41-60,Moderate
30,45,47,3,0.44,5.8,18-25,Moderate
20,22,46,2,0.24,-5.13,26-40,Moderate
21,48,32,2,0.79,-0.76,41-60,Moderate
17,19,48,2,0.87,2.68,18-25,Moderate
17,22,34,2,0.59,7.73,26-40,Moderate
14,49,29,3,0.97,8.49,26-40,Moderate
7,40,41,5,0.76,1.27,26-40,Low
12,33,49,4,0.79,-4.54,26-40,Low
24,10,34,2,0.81,8.77,26-40,Moderate
31,33,36,4,0.79,4.53,26-40,Moderate
20,39,35,4,0.45,-0.52,41-60,Moderate
39,34,32,4,0.15,7.73,41-60,Moderate
16,43,26,4,0.49,-5.67,41-60,Moderate
12,13,16,3,0.85,9.17,18-25,Moderate
19,13,10,2,0.4,3.49,26-40,Moderate
14,44,34,1,0.34,-4.08,26-40,Moderate
2,13,13,3,0.69,-7.57,26-40,Moderate
23,19,46,5,0.1,-1.96,26-40,Moderate
18,28,21,4,0.48,-1.4,26-40,Moderate
29,21,38,5,0.72,7.68,18-25,Moderate
17,36,46,4,0.24,4.69,41-60,Moderate
37,32,34,4,0.1,4.75,41-60,Moderate
13,17,33,2,0.69,1.31,41-60,Moderate
23,16,22,3,0.19,5.84,26-40,Moderate
30,19,35,4,0.13,-5.21,41-60,Moderate
19,48,50,3,0.27,0.98,26-40,Moderate
21,27,38,3,0.05,3.89,18-25,Moderate
33,12,13,5,0.09,4.1,41-60,Moderate
30,11,21,3,0.16,-7.26,41-60,Moderate
32,13,30,4,0.88,-8.0,18-25,Moderate
9,11,40,1,0.62,-6.84,41-60,Moderate
1,15,18,5,0.7,6.15,26-40,Moderate
27,17,40,4,0.57,-1.97,18-25,Moderate
27,32,15,3,0.18,5.49,26-40,Moderate
3,48,14,3,0.16,9.2,26-40,Low
12,16,49,2,0.94,-3.66,26-40,Moderate
19,48,12,5,0.72,-8.3,18-25,Moderate
39,50,43,4,0.45,9.58,26-40,Moderate
0,31,24,2,0.85,-5.79,41-60,Moderate
8,32,11,2,0.68,6.13,26-40,Moderate
10,15,12,4,0.03,-2.47,26-40,Moderate
21,12,40,1,0.34,5.14,18-25,Moderate
14,46,36,3,0.24,7.02,41-60,Moderate
31,32,11,2,0.64,-0.84,18-25,Moderate
13,12,41,3,0.4,9.66,26-40,Moderate
9,49,27,3,0.65,5.14,18-25,Low
8,20,42,4,0.12,1.29,18-25,Moderate
25,31,14,3,0.58,2.94,26-40,Moderate
17,21,12,2,0.56,2.74,26-40,Moderate
5,27,31,3,0.25,-0.47,18-25,Moderate
22,21,33,2,0.44,3.42,26-40,Moderate
16,16,26,2,0.2,6.15,26-40,Moderate
27,28,42,5,0.44,-4.95,18-25,Moderate
8,47,15,3,0.14,6.98,41-60,Low
17,28,14,1,0.34,8.0,18-25,Moderate
25,40,41,5,0.12,-9.42,26-40,Moderate
13,17,11,3,0.69,-4.21,26-40,Moderate
0,30,10,4,0.77,8.65,26-40,Moderate
29,16,31,1,0.24,-3.09,41-60,High
7,36,19,3,0.88,-4.01,18-25,Low
20,42,28,2,0.92,-4.61,18-25,Moderate
36,28,33,2,0.63,-3.64,18-25,High
1,17,42,3,0.84,-5.4,41-60,Moderate
27,19,10,2,0.85,2.03,41-60,Moderate
9,21,27,2,0.18,-0.52,18-25,Moderate
4,34,17,1,0.74,3.8,26-40,Moderate
39,30,16,3,0.22,-3.52,26-40,Moderate
1,16,27,2,0.58,-1.94,41-60,Moderate
6,12,23,4,0.8,2.24,26-40,Moderate
15,25,14,4,0.55,-2.75,18-25,Moderate
37,48,50,2,0.18,-1.51,41-60,High
25,10,17,4,0.85,0.37,18-25,Moderate
36,12,28,1,0.7,2.28,26-40,Moderate
40,32,14,1,0.23,8.83,41-60,Moderate
12,21,13,5,0.16,-4.14,26-40,Moderate
25,17,49,1,0.18,3.17,18-25,Moderate
39,26,32,5,0.93,7.88,41-60,Moderate
30,16,39,2,0.99,9.66,26-40,High
8,19,35,1,0.55,-3.38,41-60,Moderate
14,34,15,2,0.1,-3.28,18-25,Moderate
16,17,49,1,0.85,-2.89,26-40,Moderate
28,34,45,5,0.21,-0.54,41-60,Moderate
3,23,47,5,0.33,9.84,41-60,Moderate
9,16,45,1,0.13,7.6,26-40,Moderate
5,10,48,1,0.01,5.52,41-60,Moderate
2,10,10,5,0.54,5.95,18-25,Moderate
21,39,13,4,0.99,2.65,26-40,Moderate
14,19,44,4,0.78,-2.57,41-60,Moderate
0,19,27,2,0.65,1.4,41-60,Moderate
25,35,18,5,0.96,-9.18,41-60,Moderate
5,23,42,1,0.67,-2.22,41-60,Moderate
1,24,44,4,0.65,9.71,41-60,Moderate
3,19,15,1,0.34,-2.41,26-40,Moderate
9,41,12,2,0.7,-0.08,26-40,Moderate
18,21,33,5,0.94,1.79,26-40,Moderate
14,47,43,3,0.51,9.17,26-40,Moderate
3,14,17,2,0.88,7.14,41-60,Moderate
36,25,24,5,0.42,-6.24,41-60,Moderate
4,32,24,2,0.43,9.39,26-40,Moderate
1,31,17,4,0.27,1.57,26-40,Low
22,27,38,1,0.99,7.65,18-25,Moderate
32,16,37,1,0.19,0.01,41-60,High
38,28,40,5,0.66,-3.53,26-40,Moderate
18,10,42,3,0.07,3.01,18-25,Moderate
27,46,50,4,0.19,3.12,18-25,Moderate
32,28,43,4,0.39,-0.34,41-60,Moderate
9,50,17,2,0.77,-3.25,41-60,Moderate
19,18,17,4,0.15,6.61,26-40,Moderate
40,50,49,3,0.05,-2.07,26-40,Moderate
20,13,25,1,0.75,-8.72,41-60,Moderate
34,15,42,5,0.9,-3.74,26-40,Moderate
14,15,11,1,0.02,6.48,18-25,Moderate
35,29,17,1,0.68,8.81,41-60,Moderate
24,19,21,1,0.83,-2.8,26-40,Moderate
39,26,14,2,0.54,0.66,26-40,Moderate
0,45,24,4,0.19,1.53,18-25,Low
18,48,14,4,0.65,7.6,26-40,Moderate
35,21,27,1,0.1,-7.76,41-60,Moderate
32,27,38,5,0.94,3.31,26-40,Moderate
37,42,19,5,0.56,0.35,18-25,Moderate
10,33,33,2,0.06,-1.51,41-60,Moderate
24,45,24,4,0.33,-6.37,26-40,Moderate
5,46,11,4,0.61,8.26,26-40,Low
16,40,25,1,0.01,0.16,26-40,Moderate
11,46,29,2,0.79,-0.64,26-40,Moderate
31,29,45,1,0.47,-1.5,26-40,High
2,38,36,5,0.8,2.87,26-40,Low
34,16,15,2,0.22,-7.27,26-40,Moderate
35,21,29,1,0.21,-5.96,41-60,Moderate
30,27,50,3,0.55,-1.98,41-60,Moderate
14,17,24,2,0.39,-2.33,26-40,Moderate
1,45,29,3,0.21,-2.13,41-60,Low
34,35,14,2,0.8,-5.86,41-60,Moderate
33,43,29,2,0.3,2.53,26-40,Moderate
13,48,21,5,0.65,-2.48,41-60,Low
29,47,33,3,0.99,-6.85,18-25,Moderate
38,20,23,5,0.07,7.45,41-60,Moderate
3,42,23,3,0.9,-4.55,41-60,Low
17,40,39,5,0.62,-6.22,26-40,Moderate
3,14,50,5,0.05,-3.73,41-60,Moderate
12,45,30,5,0.66,4.42,41-60,Low
14,29,29,5,0.08,-1.48,18-25,Moderate
31,15,39,2,0.1,2.11,41-60,High
24,22,33,4,0.73,-1.65,18-25,Moderate
20,29,24,2,0.53,3.66,41-60,Moderate
40,20,36,3,0.78,-5.03,18-25,Moderate
0,12,12,4,0.67,8.0,26-40,Moderate
4,24,47,1,0.55,-0.11,26-40,Moderate
7,28,41,5,0.34,-9.3,18-25,Moderate
26,28,35,5,0.16,-8.29,26-40,Moderate
27,41,12,3,0.26,-5.83,41-60,Moderate
2,33,22,3,0.23,-0.21,26-40,Low
30,35,27,2,0.5,-4.5,41-60,Moderate
37,25,42,3,0.48,-0.58,18-25,Moderate
35,13,18,3,0.6,7.91,18-25,Moderate
13,31,36,3,0.17,-7.99,26-40,Low
21,34,19,1,0.65,-8.37,41-60,Moderate
20,48,33,1,0.72,2.86,26-40,Moderate
8,29,44,4,0.31,-5.19,18-25,Moderate
8,31,10,5,0.58,4.76,26-40,Low
7,41,22,4,0.54,4.38,26-40,Low
29,19,40,1,0.81,-1.76,26-40,High
40,18,11,4,0.76,9.84,26-40,Moderate
12,30,33,2,0.2,3.87,18-25,Moderate
39,35,41,4,0.18,-4.3,41-60,Moderate
32,40,27,3,0.84,8.48,26-40,Moderate
30,19,43,3,0.72,7.52,18-25,Moderate
31,38,31,4,0.11,7.25,18-25,Moderate
28,26,40,5,0.6,1.17,18-25,Moderate
36,13,11,4,0.72,-6.99,41-60,Moderate
7,30,44,5,0.25,-2.52,41-60,Moderate
21,41,31,3,0.68,-1.46,41-60,Moderate
21,37,47,4,0.81,4.44,41-60,Moderate
8,24,29,2,0.28,4.66,41-60,Moderate
15,20,17,1,0.72,-7.18,41-60,Moderate
2,49,36,3,0.61,-1.87,41-60,Low
13,16,19,5,0.12,-7.75,41-60,Moderate
28,24,35,4,0.56,-8.31,41-60,Moderate
3,50,40,3,0.73,-7.58,41-60,Low
16,19,11,3,0.39,1.19,18-25,Moderate
22,43,50,3,0.93,1.4,26-40,Moderate
14,30,44,5,0.75,3.33,41-60,Moderate
5,42,26,2,0.52,-8.1,18-25,Moderate
6,15,13,1,0.11,6.24,41-60,Moderate
32,44,14,5,0.79,3.42,26-40,Moderate
13,38,17,2,0.33,-6.99,18-25,Moderate
36,38,14,5,0.43,-4.47,18-25,Moderate
18,21,10,1,0.16,6.46,26-40,Moderate
16,12,38,3,0.19,-6.03,18-25,Moderate
4,39,32,5,0.15,-7.59,41-60,Low
20,29,32,4,0.02,-2.21,18-25,Moderate
16,23,28,2,0.36,-4.15,18-25,Moderate
5,14,16,1,0.19,5.0,18-25,Moderate
12,36,16,4,0.43,1.17,26-40,Low
39,26,23,5,0.77,-6.83,41-60,Moderate
23,38,47,3,0.48,1.93,41-60,Moderate
39,32,40,4,0.06,-9.95,41-60,Moderate
35,14,24,4,0.43,0.25,18-25,Moderate
31,32,26,4,0.85,9.98,26-40,Moderate
21,15,13,2,0.35,-6.53,26-40,Moderate
30,12,37,3,0.69,9.19,18-25,Moderate
9,24,28,1,0.97,5.73,26-40,Moderate
7,10,16,5,0.48,0.75,18-25,Moderate
29,42,16,4,0.13,-3.07,41-60,Moderate
5,40,47,3,0.12,3.07,26-40,Low
17,31,35,3,0.14,7.06,18-25,Moderate
7,30,38,3,0.53,6.57,41-60,Moderate
26,36,18,1,0.37,-8.49,18-25,Moderate
30,10,29,4,0.62,-3.95,41-60,Moderate
15,13,17,2,0.87,5.89,26-40,Moderate
8,11,26,2,0.27,-8.4,26-40,Moderate
1,33,28,1,0.66,0.35,26-40,Moderate
27,47,37,3,0.11,-0.12,18-25,Moderate
2,24,19,5,0.89,-4.57,41-60,Moderate
14,19,18,4,0.28,7.99,18-25,Moderate
25,17,31,4,0.55,9.35,26-40,Moderate
9,19,18,2,0.5,-2.25,18-25,Moderate
18,47,15,5,0.87,-5.73,41-60,Moderate
13,11,32,4,0.36,-1.19,41-60,Moderate
19,36,33,1,0.45,6.35,26-40,Moderate
30,37,37,3,0.62,-8.7,26-40,Moderate
7,47,37,1,0.67,-9.63,26-40,Moderate
37,24,50,3,0.53,-5.68,18-25,Moderate
12,17,22,4,0.03,-7.62,26-40,Moderate
6,35,24,1,0.89,-3.15,26-40,Moderate
40,24,49,5,0.2,-8.78,41-60,Moderate
22,39,12,5,0.88,8.91,18-25,Moderate
40,31,38,4,0.63,4.4,41-60,Moderate
0,30,13,3,0.29,8.42,26-40,Moderate
18,29,32,3,0.92,-3.12,26-40,Moderate
37,32,11,1,0.12,-3.79,26-40,Moderate
34,19,23,3,0.83,-7.77,26-40,Moderate
32,10,43,3,0.69,7.35,18-25,Moderate
12,41,18,2,0.79,6.24,18-25,Moderate
21,12,20,1,0.16,-6.38,41-60,Moderate
14,41,12,4,0.41,-9.28,18-25,Moderate
40,28,48,4,0.98,1.64,18-25,Moderate
9,27,48,4,0.55,-9.93,41-60,Moderate
17,43,32,1,0.68,-4.79,18-25,Moderate
37,48,18,1,0.75,-2.69,41-60,Moderate
17,42,13,3,0.64,9.07,41-60,Moderate
7,49,14,4,0.64,-6.46,41-60,Low
17,47,35,5,0.41,9.98,18-25,Moderate
21,35,28,4,0.71,-2.3,41-60,Moderate
35,30,50,2,0.29,-6.11,26-40,High
40,35,30,2,0.77,-8.25,41-60,Moderate
30,37,17,5,0.27,0.59,26-40,Moderate
23,45,40,2,0.27,3.85,41-60,Moderate
7,16,21,2,0.17,-0.32,26-40,Moderate
14,23,23,3,0.1,5.16,41-60,Moderate
5,32,37,4,0.17,-7.87,41-60,Low
1,50,49,5,0.46,-5.9,41-60,Low
1,29,24,1,0.71,2.7,41-60,Moderate
37,44,16,5,0.17,-5.54,26-40,Moderate
28,12,33,1,0.58,0.44,18-25,High
8,23,45,2,0.96,-5.88,26-40,Moderate
6,44,11,1,0.5,-2.76,41-60,Moderate
17,24,27,4,0.2,3.37,18-25,Moderate
25,17,39,2,0.41,3.08,26-40,Moderate
3,15,32,5,0.81,-5.28,41-60,Moderate
7,48,22,1,0.34,9.09,26-40,Moderate
26,24,43,2,0.61,4.32,41-60,Moderate
23,24,44,4,0.3,-1.32,41-60,Moderate
37,19,36,2,0.53,-4.72,41-60,High
14,13,49,3,0.1,-3.62,18-25,Moderate
25,40,11,4,0.59,1.24,41-60,Moderate
10,22,33,1,0.22,4.68,26-40,Moderate
4,44,28,5,0.96,-6.26,41-60,Low
21,18,49,2,0.93,-3.28,41-60,Moderate
21,12,37,3,0.31,-2.69,41-60,Moderate
5,10,34,4,0.97,-6.94,18-25,Moderate
2,46,26,5,0.51,1.11,26-40,Low
0,16,35,3,0.63,6.81,18-25,Moderate
13,22,29,2,0.22,6.89,18-25,Moderate
11,19,15,2,0.46,-3.73,18-25,Moderate
18,15,11,1,0.7,-5.22,18-25,Moderate
9,19,19,1,0.44,-5.32,18-25,Moderate
3,12,21,2,0.27,-9.07,26-40,Moderate
33,11,39,1,0.21,-1.34,18-25,High
23,26,38,4,0.98,9.25,41-60,Moderate
8,28,26,2,0.73,3.48,26-40,Moderate
15,26,36,4,0.32,9.82,41-60,Moderate
17,47,21,4,0.05,8.95,18-25,Moderate
30,18,17,3,0.19,-6.32,41-60,Moderate
3,40,47,3,0.68,-6.26,18-25,Low
9,21,39,4,0.64,9.39,26-40,Moderate
23,35,12,3,0.54,3.82,41-60,Moderate
12,38,47,3,0.35,-2.49,26-40,Low
19,14,29,5,0.96,7.58,41-60,Moderate
23,24,10,2,0.53,-7.72,18-25,Moderate
25,23,50,5,0.91,-2.41,26-40,Moderate
15,30,19,1,0.65,3.56,18-25,Moderate
3,13,39,2,0.46,-9.6,26-40,Moderate
20,30,30,4,0.23,-8.02,26-40,Moderate
1,18,27,1,0.28,3.48,41-60,Moderate
25,45,44,3,0.25,3.03,26-40,Moderate
39,31,17,5,0.31,0.2,26-40,Moderate
16,10,38,2,0.94,5.61,26-40,Moderate
40,15,14,2,0.83,-9.11,41-60,Moderate
40,18,17,4,0.57,-1.27,26-40,Moderate
18,43,41,1,0.43,0.03,26-40,Moderate
29,11,22,3,0.87,2.88,26-40,Moderate
30,24,29,5,1.0,7.45,41-60,Moderate
31,36,35,5,0.41,7.46,41-60,Moderate
19,13,22,5,0.74,-9.95,18-25,Moderate
28,45,11,1,0.62,-0.84,41-60,Moderate
14,50,26,2,0.81,8.81,18-25,Moderate
33,27,19,3,0.45,-3.83,18-25,Moderate
26,11,43,1,0.94,4.48,18-25,Moderate
8,19,26,2,0.37,4.61,18-25,Moderate
11,24,40,4,0.37,-0.59,41-60,Moderate
33,26,48,4,0.35,9.03,26-40,Moderate
25,45,14,1,0.14,8.35,26-40,Moderate
1,14,35,1,0.75,8.67,26-40,Moderate
11,14,11,3,0.69,7.4,18-25,Moderate
9,22,11,2,0.26,-3.43,18-25,Moderate
21,49,34,5,0.28,-1.58,41-60,Moderate
32,36,49,2,0.3,5.38,18-25,High
34,27,14,3,0.38,-9.84,41-60,Moderate
7,48,30,2,0.58,6.63,18-25,Moderate
31,48,37,4,0.89,-6.56,41-60,Moderate
14,27,48,3,0.11,9.81,18-25,Moderate
39,17,44,5,0.06,4.68,26-40,Moderate
20,33,26,2,0.53,6.87,26-40,Moderate
24,43,37,3,0.6,-4.99,26-40,Moderate
38,19,33,1,0.03,-8.16,41-60,High
35,27,15,2,0.86,3.89,41-60,Moderate
18,15,23,3,0.78,9.83,26-40,Moderate
18,28,18,5,0.66,3.77,26-40,Moderate
6,18,13,1,0.4,5.69,18-25,Moderate
39,30,24,3,0.23,3.13,26-40,Moderate
39,13,41,2,0.55,3.34,41-60,High
26,48,47,2,0.85,-6.11,18-25,Moderate
19,30,32,1,0.55,-0.66,18-25,Moderate
18,50,35,4,0.27,-1.77,18-25,Moderate
9,47,19,5,0.56,7.23,26-40,Low
35,28,28,4,0.99,-1.55,26-40,Moderate
24,37,48,5,0.86,-2.19,18-25,Moderate
20,31,48,2,0.04,-4.64,18-25,Moderate
15,11,10,1,0.22,3.57,41-60,Moderate
36,32,10,3,0.9,-3.04,41-60,Moderate
36,26,37,2,0.73,7.94,26-40,High
26,46,41,4,0.76,-8.18,26-40,Moderate
9,29,34,5,0.74,-3.68,26-40,Moderate
10,16,26,2,0.23,-4.94,26-40,Moderate
37,20,25,3,0.61,-4.29,26-40,Moderate
15,32,21,3,0.1,9.9,41-60,Moderate
37,33,38,2,0.77,9.44,18-25,High
1,10,29,2,0.91,-6.81,41-60,Moderate
26,32,47,4,0.82,9.45,41-60,Moderate
30,32,10,1,0.11,3.67,41-60,Moderate
34,13,38,3,0.06,2.79,41-60,Moderate
0,49,17,1,0.91,-6.02,41-60,Moderate
32,24,40,5,0.68,-5.43,41-60,Moderate
40,25,30,4,0.49,4.93,41-60,Moderate
19,49,30,4,0.25,-7.72,18-25,Moderate
35,31,35,2,0.61,-9.03,26-40,High
11,17,18,3,0.02,8.72,18-25,Moderate
23,13,29,5,0.75,-1.01,41-60,Moderate
25,38,14,3,0.51,-0.49,18-25,Moderate
14,29,43,4,0.61,4.38,18-25,Moderate
15,28,43,1,0.68,-1.01,26-40,Moderate
31,46,19,1,0.56,1.81,41-60,Moderate
35,38,38,2,0.2,-8.59,26-40,High
6,13,23,2,0.47,7.53,41-60,Moderate
33,35,32,1,0.9,7.23,26-40,High
13,16,16,1,0.09,-4.27,41-60,Moderate
21,35,37,5,0.06,7.71,18-25,Moderate
1,20,26,2,0.84,0.25,26-40,Moderate
4,32,33,5,0.47,-0.27,26-40,Low
14,10,37,1,0.76,-6.63,18-25,Moderate
33,40,15,1,0.34,-2.22,41-60,Moderate
14,14,37,1,0.43,1.63,41-60,Moderate
39,11,24,1,0.49,8.74,18-25,Moderate
29,18,10,3,0.21,1.14,26-40,Moderate
17,36,27,2,0.14,7.24,41-60,Moderate
35,45,30,5,0.81,-6.24,26-40,Moderate
13,33,34,5,0.56,-5.0,18-25,Low
16,13,20,2,0.66,5.7,41-60,Moderate
30,46,22,1,0.94,2.77,18-25,Moderate
37,22,33,4,0.21,-8.42,26-40,Moderate
33,47,10,3,0.19,1.5,18-25,Moderate
0,25,48,5,0.77,8.75,41-60,Moderate
33,26,34,2,0.49,-8.27,26-40,High
39,39,14,4,0.19,1.36,41-60,Moderate
3,12,21,1,0.88,8.75,41-60,Moderate
16,17,41,4,0.79,3.94,18-25,Moderate
34,47,33,2,0.28,-4.75,41-60,High
32,32,34,5,0.93,5.13,18-25,Moderate
9,40,34,4,0.99,-7.49,41-60,Low
14,37,22,2,0.26,4.91,41-60,Moderate
1,43,44,5,0.01,9.32,18-25,Low
14,21,18,2,0.89,-3.96,41-60,Moderate
37,17,12,2,0.31,-6.51,18-25,Moderate
15,40,37,4,0.49,3.05,41-60,Moderate
31,39,45,1,0.64,8.86,26-40,High
20,11,44,4,0.47,-2.03,26-40,Moderate
32,32,50,1,0.67,-1.37,41-60,High
22,36,34,3,0.22,-9.44,26-40,Moderate
11,44,24,1,0.38,-9.49,26-40,Moderate
6,14,49,5,0.14,6.44,41-60,Moderate
6,46,32,3,0.99,-8.07,41-60,Low
40,42,29,1,0.28,0.19,18-25,Moderate
35,36,28,3,0.75,8.27,18-25,Moderate
9,49,22,5,0.8,-4.86,18-25,Low
11,22,31,5,0.64,7.64,26-40,Moderate
0,20,49,3,0.49,-0.68,41-60,Moderate
27,40,17,5,0.71,-7.05,26-40,Moderate
16,47,18,2,0.02,-1.2,18-25,Moderate
28,36,34,4,0.55,3.93,26-40,Moderate
22,20,27,1,0.25,6.27,41-60,Moderate
4,33,38,5,0.52,-2.46,41-60,Low
1,34,28,2,0.23,6.97,18-25,Moderate
34,50,14,4,0.33,-2.42,41-60,Moderate
30,31,20,2,0.25,-7.14,18-25,Moderate
9,47,41,5,0.04,-9.28,18-25,Low
27,40,15,2,0.65,-5.79,41-60,Moderate
1,47,50,2,0.18,3.58,18-25,Moderate
24,45,25,1,0.86,-6.99,26-40,Moderate
26,43,20,1,0.21,-5.23,18-25,Moderate
13,22,41,2,0.53,7.97,18-25,Moderate
30,36,42,5,0.72,-8.5,18-25,Moderate
40,28,30,1,0.65,-2.99,26-40,Moderate
22,20,42,4,0.93,-9.3,18-25,Moderate
11,41,42,2,0.96,8.61,41-60,Moderate
26,14,14,2,0.2,0.9,18-25,Moderate
33,13,27,1,0.65,-2.1,41-60,Moderate
32,23,40,2,0.4,-7.93,18-25,High
7,41,40,2,0.69,3.65,26-40,Moderate
6,17,23,1,0.1,-8.45,41-60,Moderate
27,47,24,4,0.07,-2.91,41-60,Moderate
3,14,35,1,0.4,5.01,41-60,Moderate
2,36,32,2,0.07,-9.58,26-40,Moderate
22,40,22,1,0.8,9.62,41-60,Moderate
0,47,50,2,0.1,1.47,18-25,Moderate
10,16,40,2,0.15,6.39,18-25,Moderate
4,14,28,3,0.54,-0.12,26-40,Moderate
22,39,12,4,0.1,-1.62,26-40,Moderate
18,10,47,1,0.29,-1.82,26-40,Moderate
33,46,42,1,0.43,1.04,26-40,High
8,12,24,4,0.08,-6.17,41-60,Moderate
22,46,17,1,0.38,3.45,18-25,Moderate
32,16,31,5,0.56,-0.69,41-60,Moderate
24,26,16,2,0.97,0.29,18-25,Moderate
6,49,33,3,0.32,5.97,26-40,Low
31,49,11,5,0.0,6.11,26-40,Moderate
8,44,29,3,0.63,-1.16,18-25,Low
0,33,33,3,0.21,-6.26,41-60,Low
37,38,22,4,0.11,-6.44,41-60,Moderate
4,37,33,1,0.42,9.38,26-40,Moderate
10,21,22,1,0.43,-1.88,18-25,Moderate
12,11,13,4,0.3,5.66,26-40,Moderate
5,32,14,2,0.25,6.34,18-25,Moderate
13,30,37,5,0.19,0.84,26-40,Moderate
16,31,28,5,0.35,-8.73,41-60,Moderate
37,11,42,3,0.13,-0.94,41-60,Moderate
35,32,45,2,0.46,-5.67,41-60,High
3,31,26,1,0.29,-5.03,26-40,Moderate
33,35,39,4,0.89,4.64,26-40,Moderate
5,35,46,3,0.51,0.42,26-40,Low
15,28,24,2,0.47,8.53,26-40,Moderate
18,33,18,4,0.32,6.81,18-25,Moderate
14,43,28,1,0.11,-8.15,26-40,Moderate
33,26,27,1,0.33,8.9,18-25,Moderate
9,46,14,4,0.03,3.46,41-60,Low
8,35,24,5,0.52,6.58,41-60,Low
6,13,49,1,0.35,1.24,41-60,Moderate
6,45,44,4,0.3,2.55,26-40,Low
38,35,35,4,0.81,-8.02,26-40,Moderate
34,21,42,4,0.76,4.48,18-25,Moderate
23,24,40,1,0.57,9.55,18-25,Moderate
25,23,21,2,0.46,7.29,26-40,Moderate
12,27,37,1,0.87,-2.22,18-25,Moderate
37,12,28,4,0.25,-0.23,41-60,Moderate
16,44,23,3,0.87,1.97,41-60,Moderate
33,50,31,3,0.58,1.88,18-25,Moderate
36,11,18,3,0.58,-7.02,41-60,Moderate
39,48,16,4,0.89,7.03,18-25,Moderate
8,44,17,4,0.04,5.06,26-40,Low
6,19,34,4,0.1,7.11,41-60,Moderate
24,38,21,3,0.3,-4.22,18-25,Moderate
5,19,11,5,0.1,-7.77,26-40,Moderate
10,45,32,3,0.95,-8.78,41-60,Low
16,41,35,1,0.39,5.41,26-40,Moderate
11,16,10,1,0.69,0.12,26-40,Moderate
40,26,13,4,0.64,3.79,41-60,Moderate
23,43,43,3,0.07,7.2,26-40,Moderate
6,18,44,2,0.18,-8.54,18-25,Moderate
9,10,14,3,0.5,4.1,41-60,Moderate
26,31,27,2,0.48,3.07,26-40,Moderate
7,17,19,1,0.68,6.38,18-25,Moderate
8,27,39,3,0.69,8.69,18-25,Moderate
25,19,33,5,0.15,-9.56,18-25,Moderate
33,38,45,3,0.86,-7.53,26-40,Moderate
12,33,40,2,0.14,-7.35,26-40,Moderate
0,24,12,1,0.04,-0.15,41-60,Moderate
14,23,29,3,0.95,9.74,41-60,Moderate
23,19,43,4,0.19,-2.72,18-25,Moderate
14,27,16,3,0.06,6.02,26-40,Moderate
34,14,21,4,0.88,6.86,18-25,Moderate
8,45,41,3,0.78,-1.9,26-40,Low
31,46,41,3,0.76,0.46,41-60,Moderate
29,41,11,3,0.67,-3.91,26-40,Moderate
8,47,28,5,0.15,6.59,26-40,Low
40,16,20,1,0.65,-2.68,41-60,Moderate
21,49,29,4,0.63,0.08,18-25,Moderate
34,33,49,5,0.98,-5.15,41-60,Moderate
11,26,10,1,0.59,-5.85,41-60,Moderate
10,27,49,1,0.08,3.6,41-60,Moderate
11,50,38,5,0.61,2.57,41-60,Low
40,35,46,3,0.2,9.02,41-60,Moderate
14,22,35,5,0.18,-9.82,18-25,Moderate
37,21,33,5,0.49,-3.23,18-25,Moderate
38,21,48,3,0.63,-9.14,41-60,Moderate
18,40,34,4,0.32,-1.51,41-60,Moderate
36,12,25,2,0.5,0.89,18-25,Moderate
14,41,30,1,0.47,9.43,26-40,Moderate
30,21,30,4,0.2,-7.71,41-60,Moderate
17,31,17,2,0.06,7.05,41-60,Moderate
17,36,25,5,0.85,2.52,41-60,Moderate
36,31,23,1,0.67,-9.01,18-25,Moderate
5,12,43,5,0.91,9.47,41-60,Moderate
14,41,30,1,0.56,-9.73,18-25,Moderate
22,44,46,3,0.91,4.35,26-40,Moderate
24,46,49,5,0.87,4.93,41-60,Moderate
39,43,28,3,0.72,-2.19,41-60,Moderate
25,28,39,4,0.35,-0.98,41-60,Moderate
6,27,30,1,0.52,-9.34,18-25,Moderate
7,10,16,3,0.99,-3.55,26-40,Moderate
10,47,50,2,0.38,7.18,41-60,Moderate
27,42,20,3,0.91,8.77,18-25,Moderate
20,31,46,4,0.88,-5.83,26-40,Moderate
12,12,22,4,0.83,-0.96,26-40,Moderate
20,16,26,1,0.64,1.76,18-25,Moderate
8,22,46,1,0.92,3.07,18-25,Moderate
6,23,15,2,0.35,0.5,41-60,Moderate
5,17,33,3,0.31,-7.47,26-40,Moderate
8,21,19,2,0.41,-0.03,26-40,Moderate
22,15,33,1,0.46,6.97,26-40,Moderate
30,50,39,2,0.35,3.6,41-60,High
40,49,34,1,0.18,8.83,26-40,High
3,38,47,4,0.43,-7.13,41-60,Low
31,42,22,3,0.22,-0.36,18-25,Moderate
13,20,48,2,0.99,7.58,18-25,Moderate
31,23,38,2,0.85,1.85,41-60,High
39,19,37,3,0.48,6.7,41-60,Moderate
20,10,38,3,0.3,7.21,18-25,Moderate
8,40,26,3,0.42,0.21,18-25,Low
22,15,39,2,0.84,3.54,18-25,Moderate
26,21,22,5,0.89,-3.07,41-60,Moderate
30,22,21,3,0.46,0.32,26-40,Moderate
40,49,50,4,0.67,1.49,26-40,Moderate
20,21,22,2,0.31,-5.1,26-40,Moderate
16,33,43,3,0.62,5.74,41-60,Moderate
7,30,46,2,0.64,-1.72,41-60,Moderate
4,41,25,1,0.37,3.95,18-25,Moderate
39,46,23,3,0.68,-5.66,18-25,Moderate
25,18,10,3,0.33,0.71,26-40,Moderate
5,19,42,4,0.65,-2.2,26-40,Moderate
17,37,13,5,0.79,-6.58,26-40,Moderate
15,11,45,1,0.87,0.49,41-60,Moderate
0,20,33,2,0.79,-6.64,26-40,Moderate
21,45,36,2,0.96,-6.84,26-40,Moderate
6,21,12,5,0.3,-7.36,41-60,Moderate
6,16,41,2,0.57,1.69,18-25,Moderate
8,47,39,5,0.67,-2.23,41-60,Low
19,20,35,4,0.06,-1.83,41-60,Moderate
10,17,38,2,0.53,-7.31,41-60,Moderate
16,41,20,2,0.79,-2.03,26-40,Moderate
28,43,25,1,0.92,7.05,18-25,Moderate
24,32,43,3,0.93,9.39,26-40,Moderate
31,38,18,2,0.15,-3.77,18-25,Moderate
4,17,41,2,0.1,-1.38,41-60,Moderate
40,25,30,2,0.43,-7.73,26-40,Moderate
7,28,49,3,0.41,-0.17,41-60,Moderate
39,24,13,5,0.61,4.47,26-40,Moderate
22,22,26,1,0.04,1.36,18-25,Moderate
21,46,28,3,0.46,9.63,26-40,Moderate
1,48,46,1,0.47,0.28,41-60,Moderate
24,37,11,1,0.48,7.18,18-25,Moderate
17,12,46,1,0.38,-7.34,26-40,Moderate
1,42,21,5,0.54,-8.25,26-40,Low
4,18,22,4,0.63,3.48,41-60,Moderate
3,30,18,2,0.73,9.31,41-60,Moderate
5,10,37,2,0.23,-9.24,18-25,Moderate
6,46,41,5,0.34,3.52,18-25,Low
13,20,28,2,1.0,-2.26,41-60,Moderate
27,49,25,2,0.02,0.44,41-60,Moderate
27,21,25,5,0.28,-2.13,26-40,Moderate
19,35,35,1,0.8,-0.96,26-40,Moderate
1,16,45,5,0.71,0.25,18-25,Moderate
30,12,11,3,0.22,-2.82,26-40,Moderate
6,14,43,1,0.79,-2.71,18-25,Moderate
36,12,30,1,0.89,0.04,41-60,Moderate
4,26,46,1,0.86,-5.74,26-40,Moderate
39,31,38,2,0.73,-9.14,26-40,High
6,39,28,4,0.02,0.53,41-60,Low
25,37,48,1,0.2,6.45,41-60,Moderate
19,19,21,1,0.82,-5.99,26-40,Moderate
3,13,18,2,0.89,-1.25,18-25,Moderate
31,21,44,4,0.92,3.69,26-40,Moderate
12,42,41,3,0.19,-3.38,18-25,Low
1,27,22,5,0.92,-2.11,18-25,Moderate
28,31,45,1,0.21,4.31,18-25,High
33,43,42,4,0.28,1.02,41-60,Moderate
19,35,24,2,0.61,-2.16,26-40,Moderate
14,42,26,4,0.74,0.26,41-60,Moderate
23,46,16,4,0.27,8.72,26-40,Moderate
21,39,39,4,0.43,-7.46,41-60,Moderate
24,23,23,2,0.93,3.04,41-60,Moderate
17,45,30,5,0.37,5.22,26-40,Moderate
14,10,25,4,1.0,-9.02,41-60,Moderate
4,48,22,4,0.57,-7.0,41-60,Low
22,30,30,5,0.13,6.23,41-60,Moderate
11,23,21,3,0.1,-2.3,41-60,Moderate
4,15,32,3,0.33,-1.77,26-40,Moderate
20,29,10,1,0.21,-6.74,18-25,Moderate
25,37,43,2,0.54,-5.9,41-60,Moderate
37,34,32,5,0.53,0.22,26-40,Moderate
3,42,21,1,0.79,5.38,26-40,Moderate
6,17,42,1,0.94,1.6,41-60,Moderate
32,10,47,5,0.65,-6.44,18-25,Moderate
11,19,43,4,0.86,-6.04,18-25,Moderate
35,45,32,3,0.26,3.42,18-25,Moderate
0,14,42,3,0.17,9.69,18-25,Moderate
14,45,42,3,0.83,2.7,41-60,Moderate
32,50,38,1,0.92,-7.93,41-60,High
39,10,39,4,0.49,-2.67,41-60,Moderate
8,14,20,3,0.73,3.66,41-60,Moderate
32,47,17,1,0.47,7.38,18-25,Moderate
18,11,20,3,0.16,2.83,26-40,Moderate
21,44,30,1,0.14,-1.09,41-60,Moderate
19,15,45,3,0.54,-8.95,18-25,Moderate
34,45,17,2,0.03,-0.98,18-25,Moderate
6,11,10,2,0.02,-6.97,41-60,Moderate
23,14,30,4,0.1,3.84,26-40,Moderate
32,19,18,1,0.37,-2.49,26-40,Moderate
27,32,41,4,0.03,8.64,18-25,Moderate
13,48,45,2,0.34,-8.46,26-40,Moderate
36,50,34,4,0.12,-5.1,26-40,Moderate
17,13,45,3,0.6,-3.15,26-40,Moderate
22,44,15,2,0.4,1.86,41-60,Moderate
14,36,41,4,0.56,3.39,41-60,Moderate
21,36,24,5,0.19,1.21,18-25,Moderate
12,35,12,5,0.07,-1.62,26-40,Low
35,15,20,2,0.48,-0.62,41-60,Moderate
33,31,38,4,0.42,7.28,18-25,Moderate
9,18,30,5,0.41,-7.77,26-40,Moderate
30,43,44,1,0.34,-4.67,41-60,High
7,23,43,3,0.77,-7.79,18-25,Moderate
20,41,20,2,0.93,5.8,26-40,Moderate
16,23,34,3,0.69,-5.46,41-60,Moderate
11,47,27,2,0.11,4.1,26-40,Moderate
14,35,21,1,0.68,-5.05,41-60,Moderate
32,38,40,5,0.33,-7.49,18-25,Moderate
34,28,22,3,0.2,1.64,26-40,Moderate
37,40,45,4,0.75,-3.9,26-40,Moderate
6,25,14,4,0.56,-6.68,18-25,Moderate
27,28,16,4,0.28,-5.79,26-40,Moderate
15,48,27,1,0.55,9.58,26-40,Moderate
29,20,31,5,0.78,7.83,26-40,Moderate
23,45,32,4,0.02,-1.85,18-25,Moderate
28,45,22,1,0.8,5.27,41-60,Moderate
2,34,34,4,0.91,0.71,18-25,Low
10,35,23,2,0.1,-5.19,41-60,Moderate
25,29,18,1,0.96,-9.88,26-40,Moderate
19,23,31,5,0.55,-1.54,18-25,Moderate
31,29,49,4,0.98,9.23,26-40,Moderate
12,50,15,5,0.89,-1.68,18-25,Low
5,42,24,5,0.81,-4.78,18-25,Low
16,25,44,5,0.2,5.16,26-40,Moderate
33,43,36,3,0.94,1.31,41-60,Moderate
35,14,29,4,0.84,8.73,41-60,Moderate
24,34,39,3,0.23,-8.4,26-40,Moderate
19,44,31,3,0.75,-2.5,18-25,Moderate
5,26,37,2,0.65,-2.88,18-25,Moderate
9,30,43,5,0.92,-1.02,41-60,Moderate
0,30,32,1,1.0,-3.03,26-40,Moderate
21,13,10,3,0.85,-5.17,18-25,Moderate
35,38,14,5,0.35,6.64,41-60,Moderate
15,25,45,1,0.98,7.53,26-40,Moderate
19,14,45,5,0.35,-1.31,26-40,Moderate
17,11,25,5,0.54,-6.16,26-40,Moderate
16,13,13,3,0.03,-2.38,26-40,Moderate
10,34,37,1,0.75,-8.99,41-60,Moderate
30,28,27,1,0.55,2.89,26-40,Moderate
11,50,43,1,0.94,1.73,41-60,Moderate
8,15,11,1,0.03,-4.63,41-60,Moderate
28,49,35,3,0.27,-9.93,18-25,Moderate
13,48,16,2,0.23,2.44,41-60,Moderate
0,47,22,2,0.92,-2.37,26-40,Moderate
5,47,42,4,0.93,-2.03,18-25,Low
14,32,45,1,0.57,9.74,41-60,Moderate
2,23,26,2,0.73,-5.71,18-25,Moderate
40,49,38,3,0.62,3.59,41-60,Moderate
14,24,25,1,0.4,-1.53,18-25,Moderate
2,45,13,3,0.89,-3.56,18-25,Low
15,18,20,3,0.83,4.34,26-40,Moderate
21,49,46,5,0.15,6.52,26-40,Moderate
39,19,27,4,0.43,-2.7,41-60,Moderate
31,50,12,3,0.62,-6.94,18-25,Moderate
10,19,48,4,0.25,4.68,18-25,Moderate
25,20,47,3,0.36,-7.52,26-40,Moderate
9,30,24,3,0.35,-9.13,18-25,Moderate
5,27,47,3,0.63,-1.09,18-25,Moderate
38,21,43,3,0.61,-8.62,41-60,Moderate
